Date,Time,"Radiation
 (MJ/m2)","Temperature
 (deg C)",Dew point(deg C),Humidity,Wind speed,Atmospheric pressure (kPa),"Vapour 
pressureÂ  (kPa)",Soil moisture (%)
1/6/2022,0:00,0,28,25.0,84%,4.0,100.9,0.611,0.3597777778
,1:00,0,28,25.0,84%,2.0,100.8,0.611,0.3764545455
,2:00,0,28,24.0,79%,2.0,100.8,0.611,0.3781
,3:00,0,28,24.0,79%,4.0,100.7,0.611,0.3822
,4:00,0,27,24.1,84%,0.0,100.7,0.611,0.3847142857
,5:00,0,27,24.1,84%,4.0,100.7,0.611,0.393875
,6:00,0.003,27,24.1,84%,4.0,100.7,0.611,0.4054444444
,7:00,0.205,27,24.1,84%,0.0,100.7,0.611,0.4222857143
,8:00,0.807,29,25.0,79%,7.0,100.8,0.611,0.4443
,9:00,0.851,31,23.9,66%,11.0,100.9,0.611,0.4522222222
,10:00,0.744,30,23.0,66%,9.0,100.9,0.611,0.3551428571
,11:00,1.797,28,24.0,79%,9.0,100.9,0.611,0.2975
,12:00,1.019,30,23.9,70%,11.0,100.9,0.611,0.313
,13:00,0.919,31,23.9,66%,13.0,100.8,0.611,0.30525
,14:00,1.084,31,23.1,62%,7.0,100.8,0.611,0.305
,15:00,1.179,32,25.1,67%,6.0,100.7,0.611,0.3058
,16:00,0.696,31,23.1,62%,9.0,100.6,0.611,0.3114
,17:00,0.542,31,23.1,62%,4.0,100.6,0.611,0.3064
,18:00,0.149,31,20.9,55%,6.0,100.6,0.611,0.30025
,19:00,0.002,30,23.0,66%,4.0,100.6,0.611,0.3118888889
,20:00,0,29,25.0,79%,2.0,100.7,0.611,0.3185555556
,21:00,0,28,25.0,84%,7.0,100.7,0.611,0.2967142857
,22:00,0,28,25.0,84%,7.0,100.8,0.611,0.314
,23:00,0,28,25.0,84%,2.0,100.8,0.611,0.309875
2/6/2022,0:00,0,28,25.0,84%,0.0,100.8,0.611,0.307
,1:00,0,27,25.0,89%,6.0,100.9,0.611,0.310375
,2:00,0,27,25.0,89%,6.0,100.8,0.611,0.3076666667
,3:00,0,28,25.0,84%,4.0,100.8,0.611,0.3065714286
,4:00,0,27,25.0,89%,0.0,100.7,0.611,0.3202222222
,5:00,0,27,25.0,89%,0.0,100.7,0.611,0.3125
,6:00,0.002,27,25.0,89%,4.0,100.8,0.611,0.3152222222
,7:00,0.242,27,26.0,94%,14.8,100.8,0.611,0.316
,8:00,0.232,27,23.0,79%,19.0,100.9,0.611,0.3182
,9:00,0.737,27,24.1,84%,11.0,101.0,0.611,0.319625
,10:00,1.765,29,23.0,70%,13.0,101.0,0.611,0.3162222222
,11:00,2.764,31,22.1,59%,11.0,101.0,0.611,0.320625
,12:00,1.244,33,22.2,52%,13.0,100.9,0.611,0.3225
,13:00,0.576,31,22.1,59%,15.0,100.9,0.611,0.321625
,14:00,0.672,30,23.0,66%,13.0,100.9,0.611,0.3143333333
,15:00,0.465,29,23.0,70%,17.0,100.8,0.611,0.318
,16:00,0.426,29,23.0,70%,11.0,100.7,0.611,0.3154
,17:00,0.192,28,24.0,79%,11.0,100.7,0.611,0.3241666667
,18:00,0.057,28,22.9,74%,7.0,100.8,0.611,0.3072727273
,19:00,0.001,28,22.9,74%,11.0,100.8,0.611,0.3073636364
,20:00,0,28,22.9,74%,11.0,100.9,0.611,0.3265
,21:00,0,28,22.9,74%,11.0,101.0,0.611,0.3104
,22:00,0,28,22.9,74%,13.0,101.0,0.611,0.3135555556
,23:00,0,28,24.0,79%,4.0,101.0,0.611,0.3206666667
3/6/2022,0:00,0,28,24.0,79%,2.0,101.1,0.611,0.3138888889
,1:00,0,27,24.1,84%,4.0,101.1,0.611,0.3075555556
,2:00,0,27,25.0,89%,2.0,101.0,0.611,0.3143333333
,3:00,0,27,25.0,89%,4.0,100.9,0.611,0.318
,4:00,0,27,25.0,89%,6.0,100.8,0.611,0.3185
,5:00,0,27,25.0,89%,2.0,100.8,0.611,0.31775
,6:00,0.001,27,25.0,89%,2.0,100.9,0.611,0.3293333333
,7:00,0.149,27,25.0,89%,14.8,100.9,0.611,0.3191666667
,8:00,0.027,27,23.0,89%,7.0,100.9,0.611,0.3262
,9:00,0.116,25,24.0,94%,7.0,101.0,0.611,0.3232222222
,10:00,0.226,25,24.0,94%,2.0,101.0,0.611,0.3245714286
,11:00,0.335,25,25.0,100%,7.0,101.0,0.611,0.32725
,12:00,1.625,26,25.0,94%,6.0,101.0,0.611,0.313
,13:00,2.578,28,24.0,79%,6.0,100.9,0.611,0.3274
,14:00,1.986,30,23.0,66%,6.0,100.9,0.611,0.3183333333
,15:00,1.112,30,21.9,62%,4.0,100.8,0.611,0.3265714286
,16:00,0.771,31,23.1,62%,9.0,100.8,0.611,0.3123333333
,17:00,0.459,30,21.9,62%,9.0,100.7,0.611,0.3124444444
,18:00,0.182,30,21.1,59%,6.0,100.7,0.611,0.323125
,19:00,0.003,29,23.0,70%,6.0,100.8,0.611,0.3213333333
,20:00,0,28,24.0,79%,4.0,100.9,0.611,0.3136666667
,21:00,0,28,24.0,79%,2.0,100.9,0.611,0.33
,22:00,0,27,25.0,89%,2.0,101.0,0.611,0.326
,23:00,0,27,25.0,89%,0.0,101.0,0.611,0.3221428571
4/6/2022,0:00,0,26,25.0,94%,0.0,101.0,0.611,0.3298888889
,1:00,0,26,24.0,89%,0.0,101.0,0.611,0.3189090909
,2:00,0,26,24.0,89%,2.0,100.9,0.611,0.332
,3:00,0,26,24.0,89%,2.0,100.9,0.611,0.328
,4:00,0,26,25.0,94%,2.0,100.9,0.611,0.3227142857
,5:00,0,26,25.0,94%,0.0,100.9,0.611,0.3276666667
,6:00,0.003,26,25.0,94%,19.0,100.9,0.611,0.3285
,7:00,0.033,26,22.1,79%,19.0,101.0,0.611,0.3288
,8:00,0.333,25,24.0,94%,4.0,101.1,0.611,0.329
,9:00,0.674,25,24.0,94%,4.0,101.2,0.611,0.3381818182
,10:00,2.327,25,24.0,94%,7.0,101.1,0.611,0.3344285714
,11:00,3.157,28,22.9,74%,7.0,101.1,0.611,0.329625
,12:00,3.257,32,22.1,55%,7.0,101.0,0.611,0.331
,13:00,1.969,32,23.0,59%,13.0,100.9,0.611,0.3253333333
,14:00,3.14,31,22.1,59%,13.0,100.9,0.611,0.324
,15:00,2.581,32,23.0,59%,11.0,100.8,0.611,0.3305
,16:00,1.907,31,23.1,62%,7.0,100.7,0.611,0.3246
,17:00,0.394,32,23.0,59%,7.0,100.7,0.611,0.3246
,18:00,0.258,31,23.1,62%,6.0,100.7,0.611,0.324125
,19:00,0.003,30,21.9,62%,7.0,100.8,0.611,0.324125
,20:00,0,30,23.9,70%,9.0,100.8,0.611,0.332125
,21:00,0,29,24.1,74%,7.0,100.9,0.611,0.3217777778
,22:00,0,29,24.1,74%,2.0,101.0,0.611,0.3311818182
,23:00,0,28,22.9,74%,4.0,101.0,0.611,0.3495714286
5/6/2022,0:00,0,28,24.0,79%,2.0,101.0,0.611,0.3415714286
,1:00,0,27,24.1,84%,2.0,101.0,0.611,0.342
,2:00,0,27,24.1,84%,4.0,100.9,0.611,0.34875
,3:00,0,27,24.1,84%,2.0,100.9,0.611,0.3361111111
,4:00,0,27,25.0,89%,0.0,100.9,0.611,0.341375
,5:00,0,27,25.0,89%,2.0,100.8,0.611,0.3465555556
,6:00,0.003,27,25.0,89%,0.0,100.9,0.611,0.3497142857
,7:00,0.318,26,25.0,94%,1.8,100.9,0.611,0.33475
,8:00,1.069,30,25.1,75%,11.0,101.0,0.611,0.3446
,9:00,1.597,30,23.9,70%,15.0,101.0,0.611,0.345
,10:00,2.254,31,23.1,62%,15.0,101.0,0.611,0.3502857143
,11:00,2.722,31,24.5,62%,19.0,101.0,0.611,0.33625
,12:00,1.952,32,23.0,59%,19.0,100.9,0.611,0.3454
,13:00,2.038,31,23.9,66%,11.0,100.9,0.611,0.3531428571
,14:00,1.207,30,23.0,66%,13.0,100.9,0.611,0.3508888889
,15:00,0.817,30,23.0,66%,13.0,100.8,0.611,0.349
,16:00,0.168,27,22.9,84%,4.0,100.8,0.611,0.3457777778
,17:00,0.242,25,24.0,94%,6.0,100.8,0.611,0.3514
,18:00,0.116,26,24.0,89%,6.0,100.8,0.611,0.353875
,19:00,0.006,27,24.1,84%,6.0,100.8,0.611,0.363375
,20:00,0.002,27,25.0,89%,0.0,100.9,0.611,0.356125
,21:00,0.002,26,25.0,94%,0.0,100.9,0.611,0.3568
,22:00,0.002,26,25.0,94%,2.0,100.9,0.611,0.3641111111
,23:00,0,26,24.0,89%,0.0,101.0,0.611,0.377
6/6/2022,0:00,0.001,26,25.0,94%,6.0,101.0,0.611,0.363
,1:00,0,26,25.0,94%,6.0,100.9,0.611,0.365
,2:00,0,26,25.0,94%,4.0,100.9,0.611,0.3612857143
,3:00,0,26,25.0,94%,2.0,100.8,0.611,0.3759
,4:00,0,26,25.0,94%,2.0,100.8,0.611,0.365625
,5:00,0.001,26,25.0,94%,0.0,100.8,0.611,0.3795
,6:00,0.002,26,25.0,94%,2.0,100.8,0.611,0.387625
,7:00,0.084,26,25.0,94%,11.2,100.9,0.611,0.3967
,8:00,0.593,26,22.1,79%,7.0,100.9,0.611,0.4065555556
,9:00,1.457,26,25.0,94%,15.0,100.9,0.611,0.4305714286
,10:00,2.285,28,24.0,79%,20.0,101.0,0.611,0.4555
,11:00,2.835,30,23.9,70%,17.0,101.0,0.611,0.4781111111
,12:00,2.88,31,23.1,62%,17.0,100.9,0.611,0.47875
,13:00,1.867,31,20.9,55%,11.0,100.8,0.611,0.48325
,14:00,1.8,31,25.1,70%,17.0,100.8,0.611,0.4783
,15:00,1.453,30,23.9,70%,13.0,100.7,0.611,0.3888
,16:00,1.727,31,22.1,59%,13.0,100.7,0.611,0.3297142857
,17:00,0.706,31,23.1,62%,15.0,100.6,0.611,0.3365
,18:00,0.078,30,21.9,62%,6.0,100.6,0.611,0.3411818182
,19:00,0.003,30,23.0,66%,7.0,100.7,0.611,0.3445714286
,20:00,0,29,24.1,74%,9.0,100.7,0.611,0.3405833333
,21:00,0,29,24.1,74%,7.0,100.8,0.611,0.343
,22:00,0,28,24.0,79%,6.0,100.8,0.611,0.335625
,23:00,0,28,24.0,79%,6.0,100.9,0.611,0.353
7/6/2022,0:00,0,28,24.0,79%,9.0,100.9,0.611,0.34775
,1:00,0,28,25.0,84%,4.0,100.9,0.611,0.344
,2:00,0,27,25.0,89%,0.0,100.8,0.611,0.35225
,3:00,0,27,25.0,89%,0.0,100.7,0.611,0.3566666667
,4:00,0,27,25.0,89%,4.0,100.7,0.611,0.3610833333
,5:00,0.001,27,25.0,89%,4.0,100.7,0.611,0.373
,6:00,0.001,27,25.0,89%,4.0,100.8,0.611,0.3592
,7:00,0.077,27,25.0,89%,0.0,100.8,0.611,0.3555
,8:00,0.455,27,25.0,89%,6.0,100.9,0.611,0.3705
,9:00,0.643,28,25.0,84%,9.0,101.0,0.611,0.3646666667
,10:00,0.788,27,24.1,84%,0.0,101.0,0.611,0.3808333333
,11:00,0.466,26,25.0,94%,9.0,101.0,0.611,0.374
,12:00,0.625,27,24.1,84%,4.0,101.0,0.611,0.3504444444
,13:00,0.884,27,24.1,84%,6.0,100.9,0.611,0.3154285714
,14:00,0.278,28,25.0,84%,7.0,100.9,0.611,0.3192
,15:00,0.552,28,24.0,79%,6.0,100.8,0.611,0.3218888889
,16:00,1.051,28,24.0,79%,4.0,100.7,0.611,0.314
,17:00,0.802,30,25.1,75%,7.0,100.7,0.611,0.3256
,18:00,0.335,29,25.0,79%,4.0,100.7,0.611,0.3172222222
,19:00,0.003,28,24.0,79%,6.0,100.7,0.611,0.3233333333
,20:00,0,27,25.0,89%,4.0,100.8,0.611,0.3171428571
,21:00,0,27,25.0,89%,0.0,100.9,0.611,0.3217
,22:00,0,27,25.0,89%,0.0,100.9,0.611,0.3194444444
,23:00,0,26,25.0,94%,0.0,101.0,0.611,0.3257777778
8/6/2022,0:00,0,26,25.0,94%,0.0,101.0,0.611,0.32425
,1:00,0,26,25.0,94%,0.0,101.0,0.611,0.33125
,2:00,0,26,25.0,94%,0.0,100.9,0.611,0.3263
,3:00,0,26,25.0,94%,0.0,100.8,0.611,0.3245555556
,4:00,0,26,25.0,94%,2.0,100.8,0.611,0.3295
,5:00,0,26,25.0,94%,0.0,100.8,0.611,0.3299
,6:19,0.001,26,24.0,89%,2.0,100.9,0.611,0.3381111111
,7:00,0.198,26,25.0,94%,5.4,100.9,0.611,0.327
,8:00,0.862,27,25.0,89%,11.0,100.9,0.611,0.3217
,9:00,1.633,29,24.1,74%,11.0,101.0,0.611,0.3303333333
,10:00,2.378,30,21.9,62%,9.0,101.0,0.611,0.32925
,11:00,2.752,32,22.1,55%,7.0,101.0,0.611,0.325
,12:00,3.027,32,22.1,55%,11.0,100.9,0.611,0.3185555556
,13:00,3.263,33,22.2,52%,13.0,100.8,0.611,0.3182222222
,14:00,3.018,33,20.9,49%,19.0,100.8,0.611,0.3194444444
,15:00,1.437,32,23.0,59%,11.0,100.7,0.611,0.3284166667
,16:00,0.792,31,22.1,59%,7.0,100.6,0.611,0.3182
,17:00,0.149,29,24.1,74%,11.0,100.6,0.611,0.3254
,18:00,0.045,28,22.0,70%,9.0,100.6,0.611,0.3265
,19:00,0.006,27,25.0,89%,2.0,100.7,0.611,0.3225714286
,20:00,0.001,26,25.0,94%,4.0,100.8,0.611,0.3316666667
,21:00,0.006,27,25.0,89%,15.0,100.9,0.611,0.3282
,22:00,0.003,26,23.1,84%,7.0,101.0,0.611,0.3460909091
,23:00,0.001,26,22.1,79%,0.0,101.0,0.611,0.3344444444
9/6/2022,0:00,0.002,25,23.1,89%,0.0,101.0,0.611,0.3272727273
,1:00,0,25,23.1,89%,6.0,101.0,0.611,0.3272222222
,2:00,0.001,26,23.1,84%,4.0,100.9,0.611,0.333375
,3:00,0,26,23.1,84%,4.0,100.8,0.611,0.3416
,4:00,0,26,24.0,89%,4.0,100.8,0.611,0.342
,5:00,0,25,24.0,94%,4.0,100.8,0.611,0.3335454545
,6:00,0.001,26,24.0,89%,0.0,100.8,0.611,0.33875
,7:00,0.211,25,24.0,94%,5.4,100.9,0.611,0.3327
,8:00,0.818,27,24.1,84%,6.0,100.9,0.611,0.3333
,9:00,0.904,29,24.1,74%,7.0,100.9,0.611,0.341
,10:00,1.349,29,23.0,70%,6.0,101.0,0.611,0.3394615385
,11:00,1.469,30,23.9,70%,7.0,101.0,0.611,0.3467777778
,12:00,1.256,31,23.9,66%,9.0,101.0,0.611,0.3394285714
,13:00,1.305,31,23.9,66%,11.0,100.9,0.611,0.34525
,14:00,1.374,30,23.9,70%,11.0,100.9,0.611,0.346
,15:00,0.811,30,23.0,66%,26.0,100.8,0.611,0.346
,16:00,0.732,29,22.0,66%,7.0,100.7,0.611,0.3408571429
,17:00,0.19,27,23.0,79%,7.0,100.7,0.611,0.347
,18:00,0.032,27,25.0,89%,6.0,100.8,0.611,0.3481
,19:00,0.003,26,24.0,89%,4.0,100.9,0.611,0.3557142857
,20:00,0.001,26,25.0,94%,2.0,100.9,0.611,0.3458571429
,21:00,0.001,26,25.0,94%,0.0,101.0,0.611,0.352375
,22:00,0.005,26,25.0,94%,0.0,101.0,0.611,0.3577777778
,23:00,0.004,26,25.0,94%,4.0,101.0,0.611,0.36625
10/6/2022,0:00,0.007,26,25.0,94%,2.0,101.0,0.611,0.3498
,1:00,0.004,26,25.0,94%,4.0,101.0,0.611,0.3557777778
,2:00,0.002,26,25.0,94%,6.0,100.9,0.611,0.3578888889
,3:00,0.001,26,25.0,94%,7.6,100.8,0.611,0.3703333333
,4:00,0.001,27,24.1,84%,9.0,100.8,0.611,0.3645555556
,5:00,0,27,24.1,84%,6.0,100.8,0.611,0.3770909091
,6:00,0.001,26,24.0,89%,0.0,100.8,0.611,0.3774444444
,7:00,0.154,25,24.0,94%,0.0,100.8,0.611,0.361
,8:00,0.898,25,25.0,94%,9.0,100.9,0.611,0.35325
,9:00,1.338,28,24.0,79%,6.0,100.9,0.611,0.3501428571
,10:00,2.45,30,23.9,70%,6.0,101.0,0.611,0.3512857143
,11:00,1.942,30,23.9,70%,9.0,101.0,0.611,0.3427777778
,12:00,2.152,32,23.0,59%,6.0,100.9,0.611,0.3518571429
,13:00,1.448,31,23.9,66%,6.0,100.8,0.611,0.35575
,14:00,1.368,33,23.1,56%,7.0,100.8,0.611,0.3508181818
,15:00,2.13,32,24.1,63%,11.0,100.7,0.611,0.3486666667
,16:00,1.545,32,24.1,63%,17.0,100.6,0.611,0.3519090909
,17:00,0.262,31,23.1,62%,13.0,100.6,0.611,0.3516
,18:00,0.024,31,20.0,52%,7.0,100.7,0.611,0.3529
,19:00,0,27,23.0,79%,4.0,100.7,0.611,0.3538333333
,20:00,0,27,23.0,79%,2.0,100.7,0.611,0.3666363636
,21:00,0,26,23.1,84%,0.0,100.8,0.611,0.3591
,22:00,0.001,27,24.1,84%,4.0,100.9,0.611,0.3637272727
,23:00,0.002,27,24.1,84%,11.0,101.0,0.611,0.3719
11/6/2022,0:00,0,27,24.1,84%,7.0,101.0,0.611,0.362
,1:00,0,27,24.1,84%,11.0,101.0,0.611,0.368
,2:00,0,26,24.0,89%,6.0,100.9,0.611,0.3797272727
,3:00,0,23,23.0,100%,4.0,100.9,0.611,0.37575
,4:00,0.002,24,23.0,94%,2.0,100.8,0.611,0.37925
,5:00,0.005,24,23.0,94%,2.0,100.8,0.611,0.3929
,6:00,0.007,24,24.0,100%,4.0,100.9,0.611,0.3960909091
,7:00,0.169,24,24.0,100%,1.8,100.9,0.611,0.3446363636
,8:00,0.795,25,24.0,94%,4.0,101.0,0.611,0.3278571429
,9:00,1.236,27,24.1,84%,9.0,101.1,0.611,0.3134444444
,10:00,2.106,29,24.1,74%,13.0,101.1,0.611,0.2751428571
,11:00,2.547,30,23.9,70%,11.0,101.0,0.611,0.282
,12:00,2.808,30,23.9,70%,11.0,101.0,0.611,0.2756666667
,13:00,1.391,31,23.1,62%,15.0,100.9,0.611,0.2826
,14:00,0.491,32,23.0,59%,19.0,100.8,0.611,0.285
,15:00,0.354,30,23.1,66%,11.0,100.8,0.611,0.2794285714
,16:00,0.358,30,21.1,59%,11.0,100.7,0.611,0.2828571429
,17:00,0.236,30,21.9,62%,11.0,100.8,0.611,0.281
,18:00,0.105,28,24.0,79%,9.0,100.8,0.611,0.2802857143
,19:00,0.001,28,24.0,79%,6.0,100.8,0.611,0.2844
,20:00,0,28,24.0,79%,7.0,100.9,0.611,0.2854285714
,21:00,0,28,24.0,79%,7.0,101.0,0.611,0.2822222222
,22:00,0.001,28,24.0,79%,9.4,101.1,0.611,0.286
,23:00,0,28,24.0,79%,11.0,101.1,0.611,0.2874285714
12/6/2022,0:00,0,27,23.0,79%,4.0,101.1,0.611,0.2865
,1:00,0,27,23.0,79%,7.0,101.1,0.611,0.2865
,2:00,0,27,23.0,79%,7.0,101.0,0.611,0.283625
,3:00,0,27,23.0,79%,7.0,100.9,0.611,0.2875
,4:00,0,26,23.1,84%,7.0,100.9,0.611,0.288
,5:00,0,26,23.1,84%,7.0,100.9,0.611,0.2898571429
,6:00,0.001,26,22.1,79%,4.0,100.9,0.611,0.2911428571
,7:00,0.121,26,22.1,79%,3.6,100.9,0.611,0.285125
,8:00,0.482,27,23.0,79%,7.0,101.0,0.611,0.2882
,9:00,0.887,28,22.9,74%,15.0,101.1,0.611,0.2907272727
,10:00,0.815,29,23.0,70%,9.0,101.1,0.611,0.2906666667
,11:00,0.817,29,23.0,70%,13.0,101.1,0.611,0.2892
,12:00,0.82,28,22.0,70%,11.0,101.1,0.611,0.2921428571
,13:00,1.358,29,22.0,66%,11.0,101.1,0.611,0.2914444444
,14:00,1.237,30,23.9,70%,15.0,101.0,0.611,0.29525
,15:00,1.031,29,21.0,62%,9.0,100.9,0.611,0.288
,16:00,0.701,29,21.0,62%,6.0,100.8,0.611,0.297
,17:00,0.308,29,22.0,66%,4.0,100.8,0.611,0.2838
,18:00,0.094,29,23.0,70%,0.0,100.9,0.611,0.295875
,19:00,0.001,28,24.0,79%,2.0,100.9,0.611,0.289
,20:00,0,28,24.0,79%,2.0,101.0,0.611,0.2896666667
,21:00,0,27,24.1,84%,0.0,101.0,0.611,0.2909090909
,22:00,0.001,27,25.0,89%,9.0,101.1,0.611,0.289125
,23:00,0,27,27.0,84%,2.0,101.1,0.611,0.2965
13/6/2022,0:00,0,28,24.0,79%,2.0,101.0,0.611,0.2925555556
,1:00,0,27,24.1,84%,4.0,101.0,0.611,0.2974444444
,2:00,0,27,24.1,84%,4.0,100.9,0.611,0.2931111111
,3:00,0,27,25.0,89%,2.0,100.8,0.611,0.2932857143
,4:00,0,26,25.0,94%,2.0,100.8,0.611,0.300625
,5:00,0,26,24.0,89%,6.0,100.9,0.611,0.2933333333
,6:00,0.001,26,24.0,89%,9.0,100.9,0.611,0.2994
,7:00,0.125,25,22.1,83%,7.6,101.1,0.611,0.295125
,8:00,0.561,24,23.0,94%,6.0,101.1,0.611,0.2949
,9:00,1.131,26,24.0,89%,4.0,101.0,0.611,0.296
,10:00,2.297,29,24.1,74%,4.0,101.1,0.611,0.2954
,11:00,2.949,31,23.1,62%,4.0,101.1,0.611,0.289
,12:00,3.15,32,22.1,55%,9.0,101.0,0.611,0.2877
,13:00,3.386,33,23.1,56%,9.0,100.9,0.611,0.2955
,14:00,0.981,33,23.1,56%,7.0,100.8,0.611,0.29075
,15:00,1.279,31,22.1,59%,7.0,100.8,0.611,0.2987142857
,16:00,1.124,31,23.1,62%,11.0,100.7,0.611,0.2967
,17:00,0.361,30,23.9,70%,11.0,100.8,0.611,0.3001428571
,18:00,0.091,28,24.0,79%,9.0,100.8,0.611,0.2938571429
,19:00,0.005,27,25.0,89%,4.0,100.8,0.611,0.302125
,20:00,0.003,27,24.1,84%,4.0,100.8,0.611,0.291875
,21:00,0.001,27,25.0,89%,2.0,101.0,0.611,0.2945555556
,22:00,0,27,25.0,89%,4.0,101.0,0.611,0.2975
,23:00,0,26,24.0,89%,2.0,101.0,0.611,0.3007777778
14/6/2022,0:00,0,26,24.0,89%,0.0,101.0,0.611,0.3018571429
,1:00,0,26,24.0,89%,4.0,101.0,0.611,0.29
,2:00,0,26,24.0,89%,2.0,100.9,0.611,0.3017142857
,3:00,0,26,24.0,89%,0.0,100.9,0.611,0.2958181818
,4:00,0,26,24.0,89%,1.8,100.9,0.611,0.2958888889
,5:00,0.001,26,24.0,89%,4.0,100.9,0.611,0.307
,6:00,0.001,26,24.0,89%,4.0,100.9,0.611,0.2948
,7:00,0.193,26,25.0,94%,16.6,100.9,0.611,0.29925
,8:00,0.284,27,23.0,79%,15.0,101.0,0.611,0.2993333333
,9:00,1.434,28,22.0,70%,19.0,101.1,0.611,0.3101428571
,10:00,2.158,29,22.0,66%,15.0,101.1,0.611,0.2955714286
,11:00,2.469,29,24.1,74%,15.0,101.1,0.611,0.2973333333
,12:00,3.213,30,23.0,66%,15.0,101.0,0.611,0.2995
,13:00,2.472,31,22.1,59%,15.0,100.9,0.611,0.2875
,14:00,0.947,32,22.1,55%,15.0,100.8,0.611,0.3018181818
,15:00,1.351,31,22.1,59%,9.0,100.7,0.611,0.2964444444
,16:00,1.483,31,23.1,62%,7.0,100.7,0.611,0.3015555556
,17:00,0.915,31,22.1,59%,9.0,100.7,0.611,0.2958571429
,18:00,0.109,30,23.0,66%,9.0,100.7,0.611,0.3021111111
,19:00,0.002,29,23.0,70%,9.0,100.7,0.611,0.2995
,20:00,0,29,23.0,70%,9.0,100.8,0.611,0.293625
,21:05,0,29,22.0,66%,7.0,100.9,0.611,0.2968888889
,22:00,0,28,22.9,74%,7.0,100.9,0.611,0.29325
,23:00,0,28,24.0,79%,6.0,101.0,0.611,0.2925
15/6/2022,0:00,0,28,25.0,79%,4.0,101.0,0.611,0.296
,1:00,0,27,24.1,89%,4.0,101.0,0.611,0.298375
,2:00,0,27,25.0,84%,2.0,100.9,0.611,0.296
,3:00,0,27,25.0,89%,4.0,100.9,0.611,0.2942
,4:00,0,27,25.0,89%,2.0,100.8,0.611,0.2984
,5:00,0,27,24.1,84%,2.0,100.8,0.611,0.3055454545
,6:00,0.001,26,25.0,94%,2.0,100.8,0.611,0.30525
,7:00,0.231,26,25.0,94%,2.8,100.9,0.611,0.2993333333
,8:00,0.49,28,25.0,84%,11.0,101.0,0.611,0.3017777778
,9:00,1.206,24,22.1,89%,6.0,101.1,0.611,0.3032222222
,10:00,2.275,28,25.0,84%,13.0,101.0,0.611,0.3024444444
,11:00,2.939,28,24.0,79%,17.0,101.0,0.611,0.3025555556
,12:00,3.385,31,23.1,62%,15.0,101.0,0.611,0.2974444444
,13:00,3.071,31,22.1,59%,11.0,100.9,0.611,0.2983333333
,14:00,0.926,32,22.1,55%,22.0,100.9,0.611,0.3005
,15:00,2.5,29,24.1,74%,7.0,100.8,0.611,0.2967142857
,16:00,1.191,29,22.0,66%,11.0,100.8,0.611,0.3028181818
,17:00,0.53,31,23.1,62%,7.0,100.8,0.611,0.3008333333
,18:00,0.15,30,23.0,66%,15.0,100.8,0.611,0.30075
,19:00,0.002,29,24.1,74%,9.0,100.8,0.611,0.2971428571
,20:00,0,28,22.0,70%,4.0,100.9,0.611,0.304
,21:00,0,28,22.9,74%,4.0,101.0,0.611,0.3052857143
,22:00,0.001,28,24.0,79%,4.0,101.1,0.611,0.294875
,23:00,0,28,24.0,79%,6.0,101.1,0.611,0.3015
16/6/2022,0:00,0,27,25.0,89%,0.0,101.1,0.611,0.2955
,1:00,0,27,25.0,89%,4.0,101.1,0.611,0.2934444444
,2:00,0,27,25.0,89%,4.0,101.0,0.611,0.3067142857
,3:00,0,27,24.1,84%,6.0,100.9,0.611,0.2996666667
,4:00,0,26,24.0,89%,6.0,100.9,0.611,0.3065555556
,5:00,0,26,24.0,89%,7.0,100.9,0.611,0.3066666667
,6:00,0.001,26,24.0,89%,4.0,100.9,0.611,0.310875
,7:00,0.103,26,24.0,89%,5.4,101.0,0.611,0.3096
,8:00,0.585,27,24.1,84%,9.0,101.0,0.611,0.31125
,9:00,0.789,29,25.0,79%,9.0,101.0,0.611,0.3018888889
,10:00,1.201,29,23.0,70%,11.0,101.0,0.611,0.3086666667
,11:00,0.419,30,23.0,66%,13.0,101.1,0.611,0.3024
,12:00,0.261,29,23.0,70%,11.0,101.1,0.611,0.30675
,13:00,0.421,23,22.0,94%,2.0,101.1,0.611,0.3075
,14:00,0.504,24,24.0,100%,13.0,101.0,0.611,0.311
,15:00,0.548,25,24.0,94%,6.0,100.9,0.611,0.3135
,16:00,0.494,27,25.0,89%,2.0,100.9,0.611,0.305
,17:00,0.395,27,24.1,84%,13.0,100.9,0.611,0.323
,18:00,0.094,27,24.1,84%,6.0,100.9,0.611,0.3127142857
,19:00,0.001,27,24.1,84%,6.0,101.0,0.611,0.3161818182
,20:00,0,26,24.0,89%,6.0,101.0,0.611,0.30275
,21:00,0,26,24.0,89%,7.0,101.0,0.611,0.3044
,22:00,0,26,24.0,89%,6.0,101.1,0.611,0.3106
,23:00,0.002,26,24.0,89%,6.0,101.1,0.611,0.3148181818
17/6/2022,0:00,0.006,25,24.0,94%,6.0,101.2,0.611,0.3122
,1:00,0.003,26,24.0,89%,0.0,101.1,0.611,0.313
,2:00,0.001,25,24.0,94%,2.0,101.1,0.611,0.3166666667
,3:00,0,25,24.0,94%,0.0,101.0,0.611,0.323
,4:00,0,25,24.0,94%,0.0,100.9,0.611,0.3214
,5:00,0,25,24.0,94%,0.0,100.9,0.611,0.311
,6:00,0,25,24.0,94%,2.0,100.9,0.611,0.3181818182
,7:00,0.172,25,24.0,94%,0.0,100.9,0.611,0.3073636364
,8:00,0.607,26,24.0,89%,4.0,100.9,0.611,0.3188888889
,9:00,1.02,28,22.9,74%,6.0,101.0,0.611,0.3167
,10:00,1.619,29,22.0,66%,9.0,101.1,0.611,0.317
,11:00,2.413,30,23.0,66%,9.0,101.1,0.611,0.3137142857
,12:00,2.178,31,23.1,62%,7.0,101.1,0.611,0.3144444444
,13:00,1.923,30,21.9,62%,9.0,101.1,0.611,0.3241
,14:00,1.695,30,21.9,62%,9.0,101.0,0.611,0.3228571429
,15:00,1.213,30,21.1,59%,7.0,100.9,0.611,0.32625
,16:00,0.915,30,21.1,59%,7.0,100.9,0.611,0.3298888889
,17:00,0.501,30,20.0,55%,9.0,100.8,0.611,0.3226363636
,18:00,0.201,29,23.0,70%,6.0,100.9,0.611,0.3243333333
,19:00,0.002,29,22.0,66%,6.0,100.9,0.611,0.3246666667
,20:00,0,28,22.9,74%,4.0,100.9,0.611,0.3182222222
,21:00,0,28,24.0,79%,4.0,101.0,0.611,0.318
,22:00,0,28,24.0,79%,4.0,101.0,0.611,0.32275
,23:00,0,28,24.0,79%,0.0,101.0,0.611,0.3348888889
18/6/2022,0:00,0,28,24.0,79%,2.0,101.1,0.611,0.3241666667
,1:00,0,28,22.9,74%,6.0,101.0,0.611,0.3208888889
,2:00,0,27,24.1,84%,4.0,101.0,0.611,0.3291111111
,3:00,0,27,24.1,84%,2.0,100.9,0.611,0.3255
,4:00,0.001,27,24.1,84%,0.0,100.9,0.611,0.3377777778
,5:00,0,26,24.0,89%,4.0,100.9,0.611,0.3307777778
,6:00,0.001,26,24.0,89%,4.0,101.0,0.611,0.3222857143
,7:00,0.104,26,23.1,84%,5.4,101.0,0.611,0.335375
,8:00,0.736,27,24.1,84%,7.0,101.1,0.611,0.3144444444
,9:00,1.544,28,22.9,74%,9.0,101.1,0.611,0.2727142857
,10:00,1.698,29,23.0,70%,9.0,101.1,0.611,0.3348
,11:00,1.513,31,22.1,59%,9.0,101.2,0.611,0.3308181818
,12:00,2.925,30,23.0,66%,7.0,101.1,0.611,0.3211
,13:00,1.833,31,22.1,59%,11.0,101.0,0.611,0.3244545455
,14:00,2.854,30,21.9,62%,13.0,100.9,0.611,0.3257272727
,15:00,2.434,31,20.9,55%,13.0,100.9,0.611,0.3295
,16:00,1.836,30,23.9,70%,13.0,100.8,0.611,0.3107777778
,17:00,0.131,29,23.0,70%,6.0,100.8,0.611,0.3226
,18:00,0.041,29,22.0,66%,9.0,100.8,0.611,0.3295
,19:00,0.002,28,22.9,74%,6.0,100.9,0.611,0.3301666667
,20:00,0,26,23.1,84%,2.0,101.0,0.611,0.3245714286
,21:00,0,26,23.1,84%,6.0,101.0,0.611,0.3215
,22:00,0,26,24.0,89%,3.6,101.1,0.611,0.3306666667
,23:00,0,26,24.0,89%,4.0,101.1,0.611,0.3275555556
19/6/2022,0:00,0,26,24.0,89%,0.0,101.1,0.611,0.3288888889
,1:00,0,26,24.0,89%,4.0,101.1,0.611,0.3321
,2:00,0,26,24.0,89%,7.0,101.0,0.611,0.329
,3:00,0,26,23.1,84%,4.0,101.0,0.611,0.3337
,4:00,0,26,23.1,84%,0.0,100.9,0.611,0.3389090909
,5:00,0,25,23.1,89%,2.0,100.9,0.611,0.3311111111
,6:00,0.002,25,23.1,89%,2.0,100.9,0.611,0.3359
,7:00,0.215,25,23.1,89%,3.6,100.9,0.611,0.3444
,8:00,0.9,27,23.0,79%,4.0,101.0,0.611,0.335
,9:00,1.613,29,24.1,74%,2.0,101.0,0.611,0.3426666667
,10:00,1.457,31,23.9,66%,6.0,101.0,0.611,0.3395
,11:00,0.852,30,23.0,66%,11.0,101.0,0.611,0.3455714286
,12:00,0.996,30,23.9,70%,9.0,100.9,0.611,0.350125
,13:00,0.778,30,23.0,66%,9.0,100.9,0.611,0.336
,14:00,1.727,28,25.0,84%,7.0,100.8,0.611,0.333
,15:00,1.799,31,25.1,70%,9.0,100.8,0.611,0.3459090909
,16:00,0.299,30,23.0,66%,9.0,100.7,0.611,0.3398888889
,17:00,0.675,29,24.1,74%,7.0,100.6,0.611,0.3489090909
,18:00,0.147,29,25.0,79%,6.0,100.7,0.611,0.3383
,19:00,0.007,28,25.0,84%,7.0,100.7,0.611,0.338125
,20:00,0,27,25.0,89%,0.0,100.8,0.611,0.352
,21:00,0.001,27,24.1,84%,9.0,100.8,0.611,0.3418
,22:00,0,27,24.1,84%,2.0,100.9,0.611,0.3457777778
,23:00,0,27,25.0,89%,4.0,100.9,0.611,0.3596
20/6/2022,0:00,0,27,25.0,89%,0.0,101.0,0.611,0.3584444444
,1:00,0,27,25.0,89%,0.0,100.9,0.611,0.356375
,2:00,0,26,25.0,94%,6.0,100.9,0.611,0.35975
,3:00,0.001,27,23.0,79%,11.0,100.8,0.611,0.3695
,4:00,0,26,22.1,79%,2.0,100.8,0.611,0.3672307692
,5:00,0,25,23.1,89%,6.0,100.8,0.611,0.3724444444
,6:00,0.001,25,23.1,89%,2.0,100.8,0.611,0.3776
,7:00,0.066,26,23.1,84%,20.5,100.8,0.611,0.3677142857
,8:00,0.172,25,23.1,89%,15.0,101.0,0.611,0.3788181818
,9:00,0.197,25,23.1,89%,17.0,101.0,0.611,0.3702857143
,10:00,0.303,26,23.1,84%,13.0,101.1,0.611,0.3871
,11:00,1.112,25,23.1,89%,11.0,101.0,0.611,0.3918888889
,12:00,0.941,26,24.0,89%,11.0,101.0,0.611,0.3962222222
,13:00,0.925,27,24.1,84%,7.0,100.9,0.611,0.4173333333
,14:00,0.676,28,22.9,74%,13.0,100.8,0.611,0.4511111111
,15:00,0.483,28,22.9,74%,11.0,100.7,0.611,0.4683333333
,16:00,0.458,27,24.1,84%,11.0,100.7,0.611,0.4683333333
,17:00,0.424,27,23.0,79%,7.0,100.6,0.611,0.3839166667
,18:00,0.171,28,24.0,79%,9.0,100.5,0.611,0.3682222222
,19:00,0.005,27,23.0,79%,9.0,100.6,0.611,0.3251818182
,20:00,0.001,28,22.9,74%,6.0,100.7,0.611,0.3338571429
,21:00,0.001,27,22.9,79%,4.0,100.7,0.611,0.3302
,22:00,0,27,23.0,84%,7.6,100.8,0.611,0.3308
,23:00,0,27,24.1,84%,9.0,100.8,0.611,0.3383
21/6/2022,0:00,0,27,24.1,84%,9.0,100.8,0.611,0.3371428571
,1:00,0,28,24.0,79%,6.0,100.8,0.611,0.342125
,2:00,0,27,24.1,84%,0.0,100.7,0.611,0.3376666667
,3:00,0,26,24.0,89%,0.0,100.7,0.611,0.32925
,4:00,0,26,24.0,89%,4.0,100.7,0.611,0.33725
,5:00,0,26,24.0,89%,0.0,100.7,0.611,0.33925
,6:00,0.002,26,24.0,89%,0.0,100.7,0.611,0.3478
,7:00,0.179,26,24.0,89%,3.6,100.7,0.611,0.34225
,8:00,0.756,27,25.0,89%,2.0,100.8,0.611,0.3399090909
,9:00,1.135,29,25.0,79%,30.0,100.9,0.611,0.336
,10:00,1.771,27,22.0,74%,17.0,100.9,0.611,0.3456
,11:00,2.234,29,22.0,66%,20.0,100.9,0.611,0.3560909091
,12:00,1.02,28,25.0,84%,15.0,100.9,0.611,0.3501818182
,13:00,0.45,27,23.0,79%,15.0,100.8,0.611,0.359125
,14:00,0.821,28,22.9,74%,9.0,100.7,0.611,0.349
,15:00,1.675,29,23.0,70%,17.0,100.7,0.611,0.3511
,16:00,0.971,29,22.0,66%,11.0,100.6,0.611,0.3563333333
,17:00,0.56,28,22.0,70%,9.0,100.6,0.611,0.3314285714
,18:00,0.19,28,22.0,70%,13.0,100.6,0.611,0.3482857143
,19:00,0.003,28,24.0,79%,11.0,100.7,0.611,0.3586
,20:00,0,28,24.0,79%,16.6,100.7,0.611,0.321
,21:00,0,28,24.0,79%,11.0,100.8,0.611,0.3337272727
,22:00,0,27,24.1,84%,9.0,100.9,0.611,0.3375
,23:00,0,27,24.1,84%,4.0,100.9,0.611,0.3444285714
22/6/2022,0:00,0,27,24.0,84%,4.0,100.9,0.611,0.3441111111
,1:00,0,26,24.0,89%,2.0,100.9,0.611,0.333
,2:00,0,26,24.0,89%,7.0,100.8,0.611,0.3486
,3:00,0.001,27,24.1,84%,6.0,100.8,0.611,0.3366
,4:00,0,27,24.1,84%,11.0,100.8,0.611,0.3461
,5:00,0.001,27,24.1,84%,17.0,100.8,0.611,0.3417777778
,6:00,0,27,24.1,84%,6.0,100.8,0.611,0.33875
,7:00,0.075,27,24.1,84%,7.6,100.8,0.611,0.3493333333
,8:00,0.312,27,24.1,84%,9.0,100.9,0.611,0.3428
,9:00,0.687,28,22.9,74%,7.0,101.0,0.611,0.3529
,10:00,0.752,28,24.0,79%,13.0,101.0,0.611,0.34
,11:00,2.176,29,23.0,70%,19.0,101.0,0.611,0.3611111111
,12:00,2.123,30,23.0,66%,20.0,101.0,0.611,0.362
,13:00,3.131,30,23.0,66%,19.0,100.9,0.611,0.3545555556
,14:00,3.191,30,23.0,66%,15.0,100.9,0.611,0.366
,15:00,1.655,30,23.9,70%,15.0,100.8,0.611,0.3591428571
,16:00,1.355,30,23.0,66%,15.0,100.8,0.611,0.356875
,17:00,0.529,30,21.9,62%,15.0,100.7,0.611,0.3695
,18:00,0.226,29,22.0,66%,11.0,100.7,0.611,0.3804285714
,19:00,0.004,29,21.0,62%,7.0,100.8,0.611,0.3827
,20:00,0,29,22.0,66%,7.0,100.9,0.611,0.4080909091
,21:00,0,28,22.0,70%,7.0,100.9,0.611,0.32625
,22:00,0,28,22.9,74%,13.0,101.0,0.611,0.2658333333
,23:00,0,28,22.9,74%,9.0,101.1,0.611,0.2645
23/6/2022,0:00,0,28,24.0,79%,9.0,101.1,0.611,0.2708888889
,1:00,0,28,24.0,79%,6.0,101.1,0.611,0.265
,2:00,0,27,24.1,84%,2.0,101.0,0.611,0.2674444444
,3:00,0,26,24.0,89%,2.0,100.9,0.611,0.2638888889
,4:00,0,26,23.1,84%,4.0,100.9,0.611,0.2701
,5:00,0,26,24.0,89%,6.0,100.9,0.611,0.2674444444
,6:00,0.001,26,23.1,84%,9.0,100.9,0.611,0.266875
,7:00,0.189,27,24.1,84%,9.4,101.0,0.611,0.2695555556
,8:00,0.775,27,24.0,79%,11.0,101.0,0.611,0.267
,9:00,0.998,29,23.0,70%,32.0,101.1,0.611,0.2691111111
,10:00,1.032,28,22.9,74%,9.0,101.1,0.611,0.2664444444
,11:00,1.89,27,23.0,79%,9.0,101.1,0.611,0.268625
,12:00,3.108,29,22.0,66%,11.0,101.1,0.611,0.2667777778
,13:00,1.444,30,23.0,66%,7.0,101.0,0.611,0.2715714286
,14:00,0.485,26,25.0,94%,0.0,100.9,0.611,0.2688
,15:00,1.479,26,25.0,94%,7.0,100.9,0.611,0.2682727273
,16:00,0.46,26,24.0,89%,6.0,100.8,0.611,0.2675714286
,17:00,0.39,24,24.0,100%,6.0,100.8,0.611,0.274625
,18:00,0.146,27,24.0,84%,11.0,100.8,0.611,0.2716666667
,19:00,0.003,27,24.1,84%,9.0,100.9,0.611,0.2692222222
,20:00,0,26,24.0,89%,13.0,100.9,0.611,0.271
,21:00,0,26,24.0,89%,11.0,100.9,0.611,0.2687777778
,22:00,0,27,24.1,84%,11.0,101.0,0.611,0.2684444444
,23:00,0,27,24.1,84%,7.0,101.1,0.611,0.2664545455
24/6/2022,0:00,0,27,24.1,84%,9.0,101.1,0.611,0.2696666667
,1:00,0,26,24.0,89%,9.0,101.0,0.611,0.2768181818
,2:00,0,27,23.0,79%,9.0,101.0,0.611,0.2693333333
,3:00,0,27,23.0,79%,6.0,100.9,0.611,0.2715
,4:00,0,26,24.0,89%,4.0,100.9,0.611,0.2677
,5:00,0,26,23.1,84%,2.0,100.8,0.611,0.2714
,6:00,0,25,23.1,89%,4.0,100.9,0.611,0.267
,7:00,0.05,25,23.1,89%,11.2,100.9,0.611,0.2696666667
,8:00,0.367,25,23.1,89%,6.0,101.0,0.611,0.2721666667
,9:00,1.441,26,24.0,89%,7.0,101.1,0.611,0.2666363636
,10:05,2.177,28,22.9,74%,9.0,101.1,0.611,0.272375
,11:00,2.493,29,24.1,74%,19.0,101.1,0.611,0.2692222222
,12:00,2.778,29,24.1,74%,13.0,101.0,0.611,0.267875
,13:00,2.747,29,23.0,70%,11.0,101.0,0.611,0.2691428571
,14:00,3.091,30,21.9,62%,19.0,100.9,0.611,0.2721
,15:00,1.437,31,22.1,59%,22.0,100.8,0.611,0.2727
,16:00,0.924,28,22.9,74%,11.0,100.7,0.611,0.276
,17:00,0.392,29,23.0,70%,11.0,100.7,0.611,0.2746666667
,18:00,0.158,29,23.0,70%,9.0,100.7,0.611,0.2729
,19:00,0.002,28,22.9,74%,7.0,100.7,0.611,0.2743
,20:00,0,28,22.9,74%,7.0,100.8,0.611,0.2682727273
,21:00,0,28,24.0,79%,9.0,100.9,0.611,0.2745
,22:00,0,28,24.0,79%,9.0,100.9,0.611,0.2765454545
,23:00,0,28,24.0,79%,7.0,101.0,0.611,0.2683333333
25/6/2022,0:00,0,27,23.0,79%,7.0,100.9,0.611,0.271
,1:00,0,27,24.1,84%,4.0,100.9,0.611,0.2793
,2:00,0,26,24.0,89%,2.0,100.9,0.611,0.2756
,3:00,0,25,25.0,94%,13.0,100.8,0.611,0.2792
,4:00,0,25,24.0,94%,6.0,100.7,0.611,0.2771111111
,5:00,0.001,24,23.0,94%,7.0,100.8,0.611,0.275375
,6:00,0.004,25,23.1,89%,6.0,100.8,0.611,0.2745
,7:00,0.107,25,23.1,89%,9.4,100.8,0.611,0.274875
,8:00,0.514,25,24.0,94%,15.0,100.9,0.611,0.2816666667
,9:00,0.768,26,23.1,84%,11.0,101.0,0.611,0.275
,10:00,1.212,26,22.1,79%,13.0,101.0,0.611,0.2823333333
,11:00,1.34,27,23.0,79%,11.0,100.9,0.611,0.280375
,12:00,1.168,28,22.9,74%,11.0,100.9,0.611,0.2796
,13:00,1.44,28,22.0,70%,13.0,100.9,0.611,0.2778571429
,14:00,1.117,29,22.0,66%,6.0,100.8,0.611,0.2718888889
,15:00,0.742,28,22.9,74%,6.0,100.7,0.611,0.2734285714
,16:00,0.514,28,22.9,74%,9.0,100.6,0.611,0.2772857143
,17:00,0.335,28,22.9,74%,6.0,100.7,0.611,0.2755
,18:00,0.154,28,22.9,74%,6.0,100.7,0.611,0.2732222222
,19:00,0.003,27,23.0,79%,2.0,100.7,0.611,0.2785833333
,20:00,0,27,23.0,79%,4.0,100.7,0.611,0.2728888889
,21:00,0,26,24.0,89%,2.0,100.8,0.611,0.2758333333
,22:00,0,27,24.1,84%,3.6,100.9,0.611,0.2774444444
,23:00,0,26,24.0,89%,7.0,100.9,0.611,0.277125
26/6/2022,0:00,0,27,24.1,84%,7.0,100.9,0.611,0.2765
,1:00,0,26,24.0,89%,9.0,100.9,0.611,0.2846666667
,2:00,0.001,27,24.1,84%,7.0,100.9,0.611,0.2833333333
,3:00,0,27,24.1,84%,7.0,100.8,0.611,0.2755454545
,4:00,0,27,24.1,84%,2.0,100.8,0.611,0.27675
,5:00,0,27,25.0,89%,6.0,100.8,0.611,0.2748181818
,6:00,0.001,26,25.0,94%,4.0,100.8,0.611,0.27325
,7:00,0.235,26,24.0,89%,3.6,100.9,0.611,0.2738888889
,8:00,0.797,28,25.0,84%,11.0,100.9,0.611,0.2784444444
,9:00,1.67,28,24.0,79%,15.0,100.9,0.611,0.2734285714
,10:00,2.378,29,23.0,70%,13.0,101.0,0.611,0.2736666667
,11:00,2.986,30,23.0,66%,11.0,101.0,0.611,0.2838333333
,12:00,3.3,31,22.1,59%,9.0,100.9,0.611,0.2745555556
,13:00,2.417,31,22.1,59%,11.0,100.9,0.611,0.2766
,14:00,2.621,32,22.1,55%,17.0,100.8,0.611,0.2763333333
,15:00,2.449,32,22.1,55%,17.0,100.8,0.611,0.277
,16:00,0.803,32,23.0,59%,13.0,100.7,0.611,0.2775
,17:00,0.51,30,23.9,70%,15.0,100.7,0.611,0.281875
,18:00,0.075,29,24.1,74%,13.0,100.7,0.611,0.2775
,19:00,0.003,29,24.1,74%,9.0,100.8,0.611,0.28
,20:00,0,29,24.1,74%,9.0,100.8,0.611,0.2782
,21:00,0,28,24.0,79%,11.0,100.9,0.611,0.2798181818
,22:00,0,29,24.1,74%,6.0,101.0,0.611,0.28
,23:00,0,28,25.0,84%,6.0,101.1,0.611,0.2738
27/6/2022,0:00,0,28,25.0,84%,7.0,101.1,0.611,0.2765454545
,1:00,0,28,24.0,79%,4.0,101.1,0.611,0.2763333333
,2:00,0,27,24.1,84%,4.0,101.0,0.611,0.2743333333
,3:00,0,27,24.1,84%,4.0,101.0,0.611,0.2790909091
,4:00,0.001,27,25.0,89%,6.0,100.9,0.611,0.272
,5:00,0,27,25.0,89%,4.0,100.9,0.611,0.28075
,6:00,0.001,27,25.0,89%,0.0,100.9,0.611,0.2714285714
,7:00,0.196,26,25.0,94%,0.0,100.9,0.611,0.2751
,8:00,0.896,28,25.0,84%,11.0,101.0,0.611,0.2777777778
,9:00,1.608,29,24.1,74%,11.0,101.0,0.611,0.28
,10:00,2.049,31,23.9,66%,11.0,101.0,0.611,0.2805
,11:00,1.8,32,22.1,55%,11.0,101.1,0.611,0.2735555556
,12:00,3.157,32,23.0,59%,13.0,101.0,0.611,0.274
,13:00,2.517,33,23.1,56%,17.0,101.0,0.611,0.2765
,14:00,2.721,32,24.1,63%,19.0,100.8,0.611,0.2741111111
,15:00,1.064,30,21.9,62%,13.0,100.8,0.611,0.2788888889
,16:00,1.936,30,21.9,62%,15.0,100.7,0.611,0.2802222222
,17:00,1.256,31,23.1,62%,15.0,100.7,0.611,0.282625
,18:00,0.362,31,22.1,59%,11.0,100.6,0.611,0.2797272727
,19:00,0.004,30,21.9,62%,13.0,100.7,0.611,0.2829
,20:00,0,30,21.9,62%,9.0,100.7,0.611,0.2788333333
,21:00,0,29,23.0,70%,7.6,100.8,0.611,0.2716666667
,22:00,0,29,24.1,75%,7.6,100.9,0.611,0.2812222222
,23:00,0,29,24.1,75%,4.0,100.9,0.611,0.2786666667
28/6/2022,0:00,0,28,25.0,84%,6.0,100.9,0.611,0.279
,1:00,0,28,25.0,84%,4.0,100.9,0.611,0.2787
,2:00,0,28,25.0,84%,6.0,100.9,0.611,0.2753333333
,3:00,0,27,25.0,89%,4.0,100.8,0.611,0.2815555556
,4:00,0,27,25.0,89%,2.0,100.8,0.611,0.279
,5:00,0,27,25.0,89%,2.0,100.8,0.611,0.2822222222
,6:00,0.001,27,25.0,89%,2.0,100.8,0.611,0.29225
,7:00,0.189,27,25.0,89%,7.6,100.8,0.611,0.2833333333
,8:00,0.937,28,25.0,84%,11.0,100.9,0.611,0.2852
,9:00,1.095,30,23.0,66%,11.0,101.0,0.611,0.2876666667
,10:00,2.204,31,23.9,66%,11.0,101.0,0.611,0.28
,11:00,2.848,31,23.9,66%,11.0,100.9,0.611,0.2828888889
,12:00,3.014,31,23.9,66%,17.0,100.9,0.611,0.2772222222
,13:00,2.054,32,24.1,63%,26.0,100.8,0.611,0.2856
,14:00,1.549,30,23.0,66%,17.0,100.8,0.611,0.2776666667
,15:00,0.556,27,23.0,79%,4.0,100.8,0.611,0.28725
,16:00,0.981,28,22.9,74%,13.0,100.7,0.611,0.272
,17:00,0.434,28,22.9,74%,11.0,100.7,0.611,0.2777777778
,18:00,0.323,28,22.0,70%,6.0,100.6,0.611,0.28175
,19:00,0.003,28,21.1,66%,2.0,100.6,0.611,0.282
,20:00,0,26,22.1,79%,2.0,100.7,0.611,0.2795555556
,21:00,0,27,22.0,74%,2.0,100.8,0.611,0.283
,22:00,0.001,26,22.1,79%,2.0,100.9,0.611,0.2825
,23:00,0,26,22.1,79%,0.0,100.8,0.611,0.2766
29/6/2022,0:00,0,26,22.1,79%,0.0,100.8,0.611,0.2855555556
,1:00,0.001,26,22.1,79%,0.0,100.8,0.611,0.289625
,2:00,0,26,23.1,84%,6.0,100.8,0.611,0.283
,3:00,0,26,23.1,84%,6.0,100.7,0.611,0.2731111111
,4:00,0,26,24.0,89%,6.0,100.7,0.611,0.279
,5:00,0,27,24.1,84%,6.0,100.7,0.611,0.2855555556
,6:00,0.001,27,24.1,84%,0.0,100.7,0.611,0.282625
,7:00,0.206,26,24.0,89%,13.0,100.7,0.611,0.2791428571
,8:00,0.778,28,24.0,79%,6.0,100.7,0.611,0.28975
,9:00,1.587,29,24.1,74%,7.0,100.7,0.611,0.28975
,10:00,1.915,30,23.9,70%,15.0,100.8,0.611,0.2851111111
,11:00,2.654,31,23.9,66%,19.0,100.8,0.611,0.2738333333
,12:00,3.287,31,23.1,62%,17.0,100.8,0.611,0.283
,13:00,2.548,32,23.0,59%,15.0,100.7,0.611,0.2803636364
,14:00,2.6,32,18.9,46%,13.0,100.6,0.611,0.2778
,15:00,2.493,32,20.0,49%,15.0,100.6,0.611,0.2877142857
,16:00,1.639,32,20.9,52%,13.0,100.5,0.611,0.283
,17:00,1.007,31,20.9,55%,13.0,100.5,0.611,0.2842
,18:22,0.412,32,20.0,49%,13.0,100.5,0.611,0.2805714286
,19:00,0.005,30,21.9,62%,13.0,100.6,0.611,0.281
,20:00,0,29,24.1,74%,11.0,100.6,0.611,0.2770909091
,21:00,0,29,24.1,74%,7.0,100.7,0.611,0.285375
,22:00,0,29,24.1,74%,9.0,100.8,0.611,0.2941818182
,23:00,0,28,24.0,79%,9.0,100.8,0.611,0.2886363636
30/6/2022,0:00,0,28,24.0,79%,9.0,100.8,0.611,0.2844545455
,1:00,0,28,24.0,79%,9.0,100.8,0.611,0.287
,2:00,0,28,24.0,79%,26.0,100.8,0.611,0.2918333333
,3:00,0,26,24.1,79%,9.0,100.8,0.611,0.2904444444
,4:00,0.001,24,23.0,94%,7.0,100.8,0.611,0.2835555556
,5:00,0,25,23.1,89%,7.0,100.7,0.611,0.287
,6:00,0.003,25,23.1,89%,7.0,100.7,0.611,0.2976666667
,7:00,0.043,25,23.1,89%,3.6,100.8,0.611,0.2843333333
,8:00,0.147,26,23.1,84%,15.0,100.8,0.611,0.2983333333
,9:00,0.531,27,22.0,74%,15.0,100.9,0.611,0.2918888889
,10:00,0.902,28,22.9,74%,19.0,100.9,0.611,0.2964
,11:00,1.069,29,21.0,62%,15.0,100.8,0.611,0.2793333333
,12:00,1.454,29,21.0,62%,13.0,100.8,0.611,0.2945714286
,13:00,1.21,30,21.1,59%,15.0,100.7,0.611,0.2909
,14:00,0.833,30,21.1,59%,19.0,100.6,0.611,NA
,15:00,0.623,29,22.0,66%,17.0,100.6,0.611,NA
,16:00,0.411,29,22.0,66%,11.0,100.6,0.611,NA
,17:00,0.186,29,21.0,62%,9.0,100.6,0.611,NA
,18:00,0.048,28,20.0,62%,9.0,100.6,0.611,NA
,19:00,0.002,28,22.0,70%,6.0,100.6,0.611,NA
,20:00,0,28,22.0,70%,7.0,100.7,0.611,NA
,21:00,0,27,27.0,84%,9.0,100.7,0.611,NA
,22:00,0,28,22.9,74%,7.0,100.8,0.611,NA
,23:00,0,28,22.9,74%,,100.8,0.611,NA
1/7/2022,0:00,0,28.0,24.0,79%,11.0,100.8,0.611,0.3415
,1:00,0,28.0,24.0,79%,9.0,100.8,0.611,0.3474
,2:00,0,27.0,24.1,84%,7.0,100.8,0.611,0.3358888889
,3:00,0,28.0,22.9,74%,7.0,100.7,0.611,0.3431111111
,4:00,0,27.0,23.0,79%,9.0,100.7,0.611,0.3383
,5:00,0,27.0,23.0,79%,6.0,100.7,0.611,0.34
,6:00,0.001,27.0,23.0,79%,9.0,100.7,0.611,0.3422
,7:00,0.206,27.0,23.0,79%,7.0,100.7,0.611,0.333875
,8:00,0.865,28.0,24.0,79%,9.4,100.7,0.611,0.325125
,9:00,1.58,29.0,24.1,74%,15.0,100.8,0.611,0.3288888889
,10:00,2.034,30.0,23.0,66%,17.0,100.8,0.611,0.3347272727
,11:00,2.841,31.0,23.0,66%,20.0,100.8,0.611,0.325
,12:00,3.307,32.0,22.1,55%,20.0,100.7,0.611,0.3346666667
,13:00,3.44,31.0,22.1,59%,20.0,100.7,0.611,0.3242
,14:00,3.151,32.0,20.9,52%,22.0,100.6,0.611,0.3263333333
,15:00,2.688,32.0,22.1,55%,19.0,100.6,0.611,0.3312222222
,16:00,1.855,31.0,22.1,59%,20.0,100.5,0.611,0.3293
,17:00,0.81,31.0,20.9,55%,17.0,100.5,0.611,0.324
,18:00,0.224,30.0,23.0,66%,15.0,100.5,0.611,0.3273
,19:00,0.005,30.0,23.0,66%,15.0,100.6,0.611,0.32775
,20:00,0,29.0,23.0,70%,15.0,100.7,0.611,0.3221111111
,21:00,0,29.0,23.0,70%,17.0,100.8,0.611,0.331
,22:00,0,29.0,22.0,66%,11.0,100.8,0.611,0.3224545455
,23:00,0,29.0,23.0,70%,11.0,100.9,0.611,0.3183
2/7/2022,0:00,0,28.0,22.0,70%,6.0,100.8,0.611,0.3211111111
,1:00,0,27.0,23.0,79%,4.0,100.8,0.611,0.3287
,2:00,0,27.0,23.0,79%,7.0,100.8,0.611,0.3215555556
,3:00,0,27.0,23.0,79%,7.0,100.7,0.611,0.3651
,4:00,0,27.0,23.0,79%,6.0,100.7,0.611,0.4099
,5:00,0,27.0,23.0,79%,7.0,100.7,0.611,0.3938888889
,6:00,0,27.0,23.0,79%,7.0,100.7,0.611,0.3835
,7:00,0.189,27.0,23.0,79%,7.0,100.7,0.611,0.3762
,8:00,0.878,28.0,22.9,74%,9.4,100.8,0.611,0.372
,9:00,0.963,29.0,23.0,70%,13.0,100.8,0.611,0.367
,10:00,1.998,30.0,23.0,66%,9.0,100.8,0.611,0.37175
,11:00,1.692,31.0,23.1,62%,11.0,100.8,0.611,0.351875
,12:00,2.046,26.0,24.0,89%,7.0,100.8,0.611,0.3601818182
,13:00,3.232,30.0,25.1,75%,11.0,100.8,0.611,0.3573333333
,14:00,3.007,32.0,23.0,59%,19.0,100.7,0.611,0.3493333333
,15:00,2.375,32.0,20.9,52%,19.0,100.5,0.611,0.351875
,16:00,1.816,32.0,18.9,46%,17.0,100.5,0.611,0.3499
,17:00,1.07,32.0,20.0,49%,19.0,100.5,0.611,0.355
,18:00,0.294,31.0,20.9,55%,17.0,100.5,0.611,0.3505555556
,19:00,0.006,31.0,20.9,55%,17.0,100.5,0.611,0.3486363636
,20:00,0,30.0,21.9,62%,13.0,100.6,0.611,0.353
,21:00,0,29.0,21.0,62%,9.0,100.7,0.611,0.3504
,22:00,0,29.0,21.0,62%,9.0,100.8,0.611,0.3471111111
,23:00,0,28.0,22.0,70%,6.0,100.8,0.611,0.3471428571
3/7/2022,0:00,0,28.0,23.0,70%,7.0,100.8,0.611,0.34975
,1:00,0,27.0,23.1,79%,4.0,100.8,0.611,0.341
,2:00,0,26.0,23.1,84%,4.0,100.8,0.611,0.341
,3:00,0,26.0,24.1,84%,7.0,100.7,0.611,0.3396
,4:00,0,27.0,24.1,84%,6.0,100.7,0.611,0.3414444444
,5:00,0,27.0,24.1,84%,4.0,100.7,0.611,0.3327142857
,6:00,0.002,27.0,24.1,84%,4.0,100.7,0.611,0.3358
,7:00,0.149,26.0,23.1,84%,7.0,100.7,0.611,0.3381111111
,8:00,0.561,28.0,24.0,79%,7.6,100.7,0.611,0.3397142857
,9:00,0.976,29.0,23.0,70%,11.0,100.8,0.611,0.3306666667
,10:00,1.946,29.0,24.1,74%,15.0,100.8,0.611,0.340875
,11:00,2.048,30.0,23.9,70%,13.0,100.8,0.611,0.3291818182
,12:00,2.043,31.0,23.9,66%,15.0,100.8,0.611,0.3318
,13:00,2.726,32.0,24.1,63%,17.0,100.7,0.611,0.3272727273
,14:00,2.981,32.0,23.0,59%,19.0,100.6,0.611,0.322875
,15:00,2.08,32.0,22.1,55%,17.0,100.6,0.611,0.3285
,16:00,1.707,31.0,23.1,62%,15.0,100.5,0.611,0.3345
,17:00,1.104,32.0,20.9,52%,15.0,100.5,0.611,0.3263
,18:00,0.302,31.0,20.9,55%,13.0,100.5,0.611,0.332
,19:00,0.007,31.0,20.9,55%,11.0,100.6,0.611,0.333
,20:00,0,30.0,21.9,62%,13.0,100.6,0.611,0.3276363636
,21:00,0,29.0,23.0,70%,4.0,100.7,0.611,0.3216363636
,22:00,0,28.0,22.0,70%,6.0,100.7,0.611,0.3282222222
,23:00,0,28.0,22.9,74%,2.0,100.7,0.611,0.3231
4/7/2022,0:00,0,27.0,23.0,79%,7.0,100.7,0.611,0.3236
,1:00,0,27.0,23.0,79%,6.0,100.7,0.611,0.3221666667
,2:00,0,27.0,23.0,79%,4.0,100.7,0.611,0.3221666667
,3:00,0,26.0,24.0,89%,2.0,100.7,0.611,0.3121666667
,4:00,0,26.0,24.0,89%,6.0,100.7,0.611,0.3167
,5:00,0,26.0,25.0,94%,6.0,100.7,0.611,0.3194444444
,6:00,0.001,26.0,25.0,94%,4.0,100.7,0.611,0.3314444444
,7:00,0.154,27.0,25.0,89%,2.0,100.7,0.611,0.3177777778
,8:00,0.859,27.0,25.0,89%,3.6,100.8,0.611,0.321125
,9:00,1.438,30.0,25.1,75%,11.0,100.8,0.611,0.3234545455
,10:00,2.149,30.0,23.9,70%,7.0,100.9,0.611,0.32775
,11:00,1.768,30.0,23.9,70%,9.0,100.9,0.611,0.3206666667
,12:00,1.941,33.0,23.9,59%,9.0,100.8,0.611,0.3193333333
,13:00,2.199,32.0,23.0,59%,13.0,100.8,0.611,0.325125
,14:00,2.856,32.0,23.0,59%,13.0,100.7,0.611,0.3205555556
,15:00,1.682,33.0,23.9,59%,17.0,100.6,0.611,0.317
,16:00,0.724,32.0,24.1,63%,17.0,100.5,0.611,0.3137272727
,17:00,0.078,31.0,23.9,66%,13.0,100.5,0.611,0.3186666667
,18:00,0.065,27.0,25.0,89%,4.0,100.5,0.611,0.309
,19:00,0.019,27.0,25.0,89%,4.0,100.6,0.611,0.3145
,20:00,0.004,27.0,24.1,84%,7.0,100.6,0.611,0.317
,21:00,0.001,26.0,24.0,89%,2.0,100.7,0.611,0.3155555556
,22:00,0,27.0,25.0,89%,7.0,100.8,0.611,0.3213333333
,23:00,0,28.0,25.0,84%,4.0,100.8,0.611,0.3405555556
5/7/2022,0:00,0,28.0,25.0,84%,7.0,100.8,0.611,0.3519
,1:00,0,28.0,25.0,84%,2.0,100.8,0.611,0.354625
,2:00,0,27.0,25.0,89%,4.0,100.8,0.611,0.345625
,3:00,0,26.0,25.0,94%,4.0,100.8,0.611,0.3459
,4:00,0,26.0,25.0,94%,6.0,100.7,0.611,0.3650833333
,5:00,0,26.0,25.0,94%,6.0,100.7,0.611,0.3763333333
,6:00,0.001,26.0,25.0,94%,4.0,100.7,0.611,0.3641428571
,7:00,0.132,26.0,25.0,94%,4.0,100.8,0.611,0.374875
,8:00,0.318,26.0,25.0,94%,3.6,100.8,0.611,0.3682222222
,9:00,1.094,29.0,25.0,79%,6.0,100.9,0.611,0.3682
,10:00,1.379,30.0,25.1,75%,4.0,100.9,0.611,0.3561111111
,11:00,0.712,31.0,23.9,66%,7.0,100.9,0.611,0.35825
,12:00,1.785,26.0,23.1,84%,19.0,101.0,0.611,0.363625
,13:00,1.126,28.0,22.9,74%,19.0,100.9,0.611,0.3582222222
,14:00,0.353,29.0,22.0,66%,11.0,100.9,0.611,0.358
,15:00,0.386,28.0,21.1,66%,11.0,100.9,0.611,0.35
,16:00,0.422,28.0,22.9,74%,13.0,100.8,0.611,0.3532857143
,17:00,0.266,27.0,23.0,79%,4.0,100.7,0.611,0.339
,18:00,0.065,27.0,24.1,84%,19.0,100.7,0.611,0.3414285714
,19:00,0.01,26.0,24.0,89%,7.0,100.7,0.611,0.3457
,20:00,0.007,26.0,23.1,84%,6.0,100.8,0.611,0.3415555556
,21:00,0.001,26.0,24.0,89%,4.0,100.8,0.611,0.345
,22:00,0,27.0,23.0,79%,9.0,100.8,0.611,0.3531666667
,23:00,0,27.0,24.1,84%,11.0,100.9,0.611,0.3635
6/7/2022,0:00,0,27.0,24.1,84%,9.0,100.9,0.611,0.3641666667
,1:00,0,27.0,23.0,79%,6.0,100.9,0.611,0.3574285714
,2:00,0,26.0,24.0,89%,4.0,100.8,0.611,0.3632727273
,3:00,0,26.0,24.0,89%,7.0,100.8,0.611,0.3516
,4:00,0,27.0,22.0,74%,6.0,100.8,0.611,0.3594444444
,5:00,0.001,27.0,23.0,79%,7.0,100.9,0.611,0.3536
,6:00,0,27.0,24.1,84%,7.0,100.9,0.611,0.3519
,7:00,0.108,27.0,25.0,89%,6.0,101.0,0.611,0.3441
,8:00,0.385,27.0,25.0,89%,3.6,101.0,0.611,0.3537142857
,9:00,0.862,29.0,25.0,79%,6.0,101.0,0.611,0.3432222222
,10:00,N.A,29.0,25.0,79%,15.0,101.1,0.611,0.3480909091
,11:00,N.A,30.0,25.1,75%,13.0,101.1,0.611,0.3496
,12:00,1.517,30.0,23.9,70%,11.0,101.1,0.611,0.34325
,13:00,1.264,30.0,23.9,70%,7.0,101.0,0.611,0.342
,14:00,1.319,30.0,23.9,70%,7.0,101.0,0.611,0.3409
,15:00,1.508,31.0,23.9,66%,9.0,100.8,0.611,0.34
,16:00,1.101,31.0,23.9,66%,6.0,100.8,0.611,0.3345555556
,17:00,0.436,31.0,23.9,66%,9.0,100.8,0.611,0.338
,18:00,0.08,31.0,23.1,62%,6.0,100.8,0.611,0.341
,19:00,0,30.0,23.0,66%,9.0,100.8,0.611,0.34325
,20:00,0,28.0,22.9,74%,6.0,100.9,0.611,0.3322222222
,21:00,0,28.0,22.0,70%,0.0,100.9,0.611,0.335125
,22:00,0.002,28.0,22.0,70%,0.0,101.0,0.611,0.3476
,23:00,0.001,29.0,24.1,74%,7.0,101.1,0.611,0.3474
7/7/2022,0:00,0,29.0,24.1,74%,11.0,101.1,0.611,0.35
,1:00,0,29.0,24.1,74%,7.0,101.1,0.611,0.36025
,2:00,0,29.0,24.1,74%,15.0,101.0,0.611,0.3534444444
,3:00,0,28.0,24.0,79%,6.0,101.0,0.611,0.348625
,4:00,0,27.0,24.1,84%,6.0,100.9,0.611,0.3528571429
,5:00,0,28.0,24.0,79%,3.6,100.8,0.611,0.3491818182
,6:00,0.001,27.0,24.1,84%,3.6,100.9,0.611,0.3392857143
,7:00,0.095,27.0,25.0,89%,6.0,100.9,0.611,0.345
,8:00,0.627,28.0,24.0,79%,3.6,100.9,0.611,0.3418181818
,9:00,1.384,30.0,23.9,70%,11.0,101.0,0.611,0.341
,10:00,1.968,31.0,23.9,66%,13.0,101.0,0.611,0.335625
,11:00,2.838,31.0,23.1,62%,13.0,101.0,0.611,0.3307777778
,12:00,3.25,31.0,23.9,66%,13.0,101.0,0.611,0.3437777778
,13:00,3.288,32.0,22.1,55%,15.0,100.9,0.611,0.33175
,14:00,2.758,32.0,23.0,59%,17.0,100.8,0.611,0.3274285714
,15:00,2.562,33.0,20.9,49%,17.0,100.7,0.611,0.3328888889
,16:00,1.757,33.0,23.1,56%,20.0,100.7,0.611,0.3295
,17:00,1.075,32.0,20.9,52%,19.0,100.7,0.611,0.3285
,18:00,0.323,32.0,20.9,52%,17.0,100.7,0.611,0.3323333333
,19:00,0.007,31.0,22.1,59%,13.0,100.7,0.611,0.325
,20:00,0,30.0,23.0,66%,7.0,100.8,0.611,0.3366666667
,21:00,0,30.0,23.0,66%,13.0,100.9,0.611,0.4615
,22:00,0,29.0,23.0,70%,7.0,101.0,0.611,0.4678333333
,23:00,0,29.0,24.1,74%,6.0,101.0,0.611,0.451125
8/7/2022,0:00,0,29.0,25.0,79%,7.0,101.0,0.611,0.4361428571
,1:00,0,28.0,24.0,79%,6.0,101.0,0.611,0.404
,2:00,0,28.0,25.0,84%,9.0,100.9,0.611,0.389625
,3:00,0,28.0,26.0,89%,7.0,100.9,0.611,0.3797272727
,4:00,0.001,28.0,25.0,84%,4.0,100.8,0.611,0.3765
,5:00,0,26.0,23.1,84%,28.0,100.9,0.611,0.3715
,6:19,0,25.0,23.0,89%,11.0,101.0,0.611,0.3707777778
,7:00,0.039,25.0,23.1,89%,7.0,101.0,0.611,0.3686666667
,8:00,0.365,25.0,23.1,89%,7.6,101.0,0.611,0.3695
,9:00,1.197,27.0,23.0,79%,13.0,101.0,0.611,0.358
,10:00,1.244,29.0,22.0,66%,19.0,101.0,0.611,0.3516666667
,11:00,2.151,28.0,22.0,70%,19.0,101.0,0.611,0.347
,12:00,2.867,30.0,21.1,59%,20.0,100.9,0.611,0.3556666667
,13:00,2.746,31.0,20.9,55%,22.0,100.9,0.611,0.3575
,14:00,2.054,32.0,18.9,46%,24.0,100.8,0.611,0.3516363636
,15:00,1.667,31.0,20.0,52%,19.0,100.7,0.611,0.354875
,16:00,1.734,31.0,20.0,52%,15.0,100.7,0.611,0.3460833333
,17:00,1.325,31.0,20.9,55%,17.0,100.6,0.611,0.3448
,18:00,0.231,31.0,20.9,55%,17.0,100.6,0.611,0.3506
,19:00,0.008,30.0,21.1,59%,13.0,100.7,0.611,0.344
,20:00,0,29.0,22.0,66%,6.0,100.8,0.611,0.3487
,21:00,0,28.0,22.9,74%,2.0,100.9,0.611,0.3476
,22:00,0,28.0,22.9,74%,6.0,100.9,0.611,0.3416363636
,23:00,0,28.0,24.0,79%,6.0,101.0,0.611,0.3524444444
9/7/2022,0:00,0,28.0,24.0,79%,6.0,101.0,0.611,0.350875
,1:00,0,28.0,22.9,74%,9.0,100.9,0.611,0.3564
,2:00,0,28.0,22.9,74%,9.0,100.8,0.611,0.3520909091
,3:00,0,27.0,24.1,84%,6.0,100.7,0.611,0.3508888889
,4:00,0.001,28.0,24.0,79%,9.0,100.6,0.611,0.3497272727
,5:00,0,28.0,22.9,74%,6.0,100.7,0.611,0.3445
,6:00,0,28.0,22.9,74%,9.0,100.7,0.611,0.343375
,7:00,0.166,28.0,22.9,74%,6.0,100.8,0.611,0.343375
,8:00,0.896,29.0,23.0,70%,9.4,100.8,0.611,0.3397272727
,9:00,1.208,30.0,23.0,66%,11.0,100.9,0.611,0.343
,10:00,1.363,31.0,22.1,59%,15.0,100.9,0.611,0.331625
,11:00,2.63,31.0,22.1,59%,15.0,100.9,0.611,0.3385
,12:00,3.073,32.0,20.9,52%,20.0,100.8,0.611,0.3338571429
,13:00,2.241,32.0,23.0,59%,13.0,100.7,0.611,0.329375
,14:00,2.644,32.0,23.0,59%,17.0,100.6,0.611,0.336375
,15:00,2.251,32.0,24.1,63%,20.0,100.6,0.611,0.328
,16:00,1.398,32.0,23.0,59%,22.0,100.5,0.611,0.33475
,17:00,0.521,32.0,23.0,59%,13.0,100.5,0.611,0.34125
,18:00,0.192,31.0,23.1,62%,15.0,100.5,0.611,0.3361818182
,19:00,0.005,30.0,23.0,66%,17.0,100.6,0.611,0.32675
,20:00,0,30.0,23.0,66%,9.0,100.7,0.611,0.3233333333
,21:00,0,29.0,24.1,74%,7.0,100.8,0.611,0.3282857143
,22:00,0,29.0,23.0,70%,9.0,100.9,0.611,0.3321666667
,23:00,0,29.0,24.1,74%,6.0,100.9,0.611,0.3331666667
10/7/2022,0:00,0,28.0,24.0,79%,6.0,100.9,0.611,0.3336666667
,1:00,0,28.0,24.0,79%,4.0,100.8,0.611,0.3388888889
,2:00,0,28.0,25.0,84%,6.0,100.8,0.611,0.3357
,3:00,0,28.0,25.0,84%,6.0,100.7,0.611,0.3401428571
,4:00,0,27.0,25.0,89%,4.0,100.7,0.611,0.3327777778
,5:00,0,27.0,25.0,89%,6.0,100.7,0.611,0.333
,6:00,0.001,27.0,25.0,89%,2.0,100.7,0.611,0.329
,7:00,0.141,28.0,25.0,84%,7.0,100.7,0.611,0.3312857143
,8:00,0.601,28.0,25.0,84%,7.6,100.8,0.611,0.3385714286
,9:00,0.741,29.0,24.1,74%,9.0,100.9,0.611,0.3375714286
,10:00,0.95,30.0,23.9,70%,15.0,100.9,0.611,0.3365555556
,11:00,0.133,26.0,23.1,84%,22.0,101.0,0.611,0.3415555556
,12:00,1.027,25.0,22.1,83%,11.0,101.0,0.611,0.3372
,13:00,1.405,28.0,22.9,74%,6.0,100.9,0.611,0.3283636364
,14:00,1.128,29.0,23.0,70%,13.0,100.8,0.611,0.3276666667
,15:00,1.445,28.0,21.1,66%,19.0,100.7,0.611,0.32975
,16:00,1.243,29.0,21.0,62%,22.0,100.7,0.611,0.3241
,17:00,0.619,29.0,21.0,62%,19.0,100.7,0.611,0.329375
,18:00,0.186,29.0,21.0,62%,19.0,100.7,0.611,0.33575
,19:00,0.004,28.0,22.0,70%,6.0,100.7,0.611,0.3313636364
,20:00,0,28.0,22.0,70%,9.0,100.8,0.611,0.3285
,21:00,0,28.0,22.0,70%,9.0,100.9,0.611,0.3284
,22:00,0,27.0,23.0,79%,7.0,100.9,0.611,0.3316666667
,23:00,0,27.0,23.0,79%,6.0,100.9,0.611,0.3295
11/7/2022,0:00,0,27.0,23.0,79%,7.0,100.9,0.611,0.3326
,1:00,0,26.0,23.1,84%,2.0,100.9,0.611,0.337
,2:00,0,26.0,23.1,84%,0.0,100.9,0.611,0.329
,3:00,0,26.0,23.1,84%,0.0,100.8,0.611,0.3374285714
,4:00,0,25.0,23.1,89%,0.0,100.8,0.611,0.3378888889
,5:00,0,25.0,23.1,89%,4.0,100.8,0.611,0.3362
,6:00,0.001,25.0,23.1,89%,0.0,100.8,0.611,0.3338
,7:00,0.091,26.0,23.1,84%,0.0,100.8,0.611,0.3241666667
,8:00,0.385,26.0,24.0,89%,0.0,100.9,0.611,0.3346363636
,9:00,1.027,28.0,24.0,79%,4.0,101.0,0.611,0.3338571429
,10:00,1.856,29.0,24.1,74%,13.0,101.1,0.611,0.3235
,11:00,2.787,30.0,21.9,62%,15.0,101.0,0.611,0.3293
,12:00,2.956,31.0,22.1,59%,11.0,101.0,0.611,0.331
,13:00,2.797,31.0,20.9,55%,17.0,100.9,0.611,0.3213
,14:00,3.124,31.0,20.9,55%,19.0,100.8,0.611,0.329
,15:00,2.646,32.0,20.9,52%,19.0,100.8,0.611,0.3255
,16:00,0.985,31.0,22.1,59%,15.0,100.7,0.611,0.32475
,17:00,0.698,31.0,22.1,59%,17.0,100.7,0.611,0.3275555556
,18:00,0.218,31.0,23.1,62%,17.0,100.7,0.611,0.327
,19:00,0.014,29.0,23.0,70%,15.0,100.8,0.611,0.3268571429
,20:00,0,29.0,24.1,74%,11.0,100.9,0.611,0.3195714286
,21:00,0,29.0,24.1,74%,9.0,100.9,0.611,0.3235
,22:00,0,29.0,24.1,74%,7.0,101.0,0.611,0.31625
,23:00,0,29.0,24.0,74%,7.0,101.0,0.611,0.3225
12/7/2022,0:00,0,28.0,24.0,79%,7.0,101.0,0.611,0.326
,1:00,0,28.0,24.0,79%,7.0,101.0,0.611,0.3194
,2:00,0,28.0,25.0,79%,4.0,100.9,0.611,0.31775
,3:00,0,27.0,25.0,89%,7.0,100.8,0.611,0.3193
,4:00,0,27.0,24.1,89%,4.0,100.8,0.611,0.3207142857
,5:00,0,27.0,24.1,84%,7.0,100.8,0.611,0.324125
,6:00,0,27.0,25.0,84%,0.0,100.9,0.611,0.317875
,7:00,0.094,26.0,24.0,89%,0.0,100.9,0.611,0.323875
,8:00,0.616,27.0,25.0,89%,1.8,101.0,0.611,0.3204444444
,9:00,1.565,29.0,25.0,79%,7.0,101.0,0.611,0.3258888889
,10:00,2.34,31.0,23.1,62%,15.0,101.0,0.611,0.321
,11:00,2.638,31.0,23.1,62%,15.0,101.0,0.611,0.3265
,12:00,2.252,32.0,22.1,55%,17.0,100.9,0.611,0.3202
,13:00,2.259,30.0,23.9,70%,24.0,100.9,0.611,0.3223333333
,14:00,2.494,31.0,23.1,62%,17.0,100.8,0.611,0.3160909091
,15:00,2.586,31.0,22.1,59%,17.0,100.7,0.611,0.3154285714
,16:00,1.792,32.0,20.0,49%,13.0,100.6,0.611,0.3145714286
,17:00,0.582,31.0,20.9,55%,15.0,100.6,0.611,0.321
,18:00,0.381,30.0,21.1,59%,15.0,100.6,0.611,0.3165
,19:00,0.004,30.0,21.1,59%,15.0,100.7,0.611,0.3184545455
,20:00,0,29.0,21.0,62%,9.0,100.8,0.611,0.3159
,21:00,0,29.0,22.0,66%,9.0,100.9,0.611,0.3121428571
,22:00,0,28.0,22.0,70%,6.0,100.9,0.611,0.3155
,23:00,0,28.0,22.0,70%,7.0,101.0,0.611,0.3163
13/7/2022,0:00,0,28.0,22.9,74%,6.0,101.0,0.611,0.3111428571
,1:00,0,27.0,23.0,79%,0.0,100.9,0.611,0.3202307692
,2:00,0,27.0,23.0,79%,4.0,100.9,0.611,0.316
,3:00,0,27.0,24.1,84%,0.0,100.8,0.611,0.3204
,4:00,0,27.0,24.1,84%,7.0,100.8,0.611,0.3195
,5:00,0,27.0,24.1,84%,0.0,100.7,0.611,0.31975
,6:00,0.001,27.0,24.1,84%,0.0,100.7,0.611,0.316
,7:00,0.125,27.0,24.1,84%,0.0,100.7,0.611,0.3198333333
,8:00,0.694,28.0,22.9,74%,11.2,100.8,0.611,0.322125
,9:00,1.613,30.0,23.0,66%,11.0,100.8,0.611,0.3157272727
,10:00,1.398,31.0,23.1,62%,13.0,100.8,0.611,0.317
,11:00,1.456,31.0,23.1,62%,13.0,100.8,0.611,0.3176666667
,12:00,2.098,31.0,23.9,66%,17.0,100.8,0.611,0.3141111111
,13:00,2.182,31.0,22.1,59%,9.0,100.8,0.611,0.3179
,14:00,1.261,31.0,23.0,66%,11.0,100.7,0.611,0.312
,15:00,1.238,31.0,23.1,62%,22.0,100.6,0.611,0.3116666667
,16:00,1.041,31.0,20.9,55%,20.0,100.6,0.611,0.3108571429
,17:00,0.525,31.0,22.1,59%,19.0,100.5,0.611,0.3124
,18:00,0.086,30.0,21.9,62%,17.0,100.5,0.611,0.3125
,19:00,0.003,30.0,23.0,66%,15.0,100.5,0.611,0.312
,20:00,0,29.0,24.1,74%,15.0,100.6,0.611,0.308
,21:00,0,29.0,24.1,74%,13.0,100.7,0.611,0.3102222222
,22:00,0,29.0,25.0,79%,9.0,100.8,0.611,0.308875
,23:00,0,29.0,24.1,74%,9.0,100.9,0.611,0.3102857143
14/7/2022,0:00,0,29.0,24.1,74%,6.0,100.9,0.611,0.3141666667
,1:00,0,28.0,24.0,79%,2.0,100.8,0.611,0.3155
,2:00,0.001,28.0,24.0,79%,9.0,100.8,0.611,0.3153333333
,3:00,0,28.0,24.0,79%,9.0,100.7,0.611,0.3156666667
,4:00,0,28.0,25.0,84%,9.0,100.7,0.611,0.3148888889
,5:00,0,28.0,24.0,79%,9.4,100.6,0.611,0.3136666667
,6:00,0.001,28.0,25.0,84%,0.0,100.7,0.611,0.3167272727
,7:00,0.092,27.0,25.0,89%,4.0,100.7,0.611,0.3152
,8:00,0.473,28.0,26.0,89%,3.6,100.7,0.611,0.3124285714
,9:00,0.939,29.0,25.0,79%,11.0,100.8,0.611,0.314
,10:00,1.95,30.0,23.9,70%,9.0,100.9,0.611,0.3152222222
,11:00,2.72,31.0,23.9,66%,11.0,100.8,0.611,0.3105
,12:00,2.685,32.0,23.0,59%,15.0,100.8,0.611,0.3157142857
,13:00,2.911,31.0,23.9,66%,15.0,100.7,0.611,0.3144444444
,14:00,0.553,32.0,22.1,55%,20.0,100.7,0.611,0.3147777778
,15:00,0.229,31.0,23.9,66%,17.0,100.6,0.611,0.3138888889
,16:00,0.933,26.0,23.1,84%,15.0,100.6,0.611,0.312375
,17:00,0.633,29.0,25.0,79%,7.0,100.6,0.611,0.3098888889
,18:00,0.225,30.0,25.1,75%,6.0,100.6,0.611,0.31
,19:00,0.007,28.0,26.0,89%,7.0,100.6,0.611,0.3120909091
,20:00,0,28.0,26.0,89%,6.0,100.7,0.611,0.31025
,21:05,0,28.0,25.0,84%,7.0,100.8,0.611,0.312
,22:00,0,27.0,24.1,84%,6.0,100.8,0.611,0.3090909091
,23:00,0,27.0,25.0,89%,4.0,100.8,0.611,0.3168888889
15/7/2022,0:00,0,27.0,25.0,89%,6.0,100.8,0.611,0.31025
,1:00,0,27.0,25.0,89%,4.0,100.8,0.611,0.312
,2:00,0,28.0,26.0,89%,7.0,100.8,0.611,0.3090909091
,3:00,0,28.0,25.0,84%,7.0,100.8,0.611,0.3168888889
,4:00,0,28.0,25.0,84%,9.0,100.7,0.611,0.3157
,5:00,0.001,27.0,25.0,89%,7.0,100.7,0.611,0.315125
,6:00,0.001,27.0,25.0,89%,7.0,100.7,0.611,0.3146666667
,7:00,0.138,27.0,25.0,89%,4.0,100.7,0.611,0.3128333333
,8:00,0.851,28.0,26.0,89%,7.6,100.8,0.611,0.316625
,9:00,1.535,29.0,25.0,79%,11.0,100.9,0.611,0.3151111111
,10:00,2.43,31.0,23.9,66%,13.0,100.9,0.611,0.3126
,11:00,1.313,31.0,25.1,70%,15.0,100.9,0.611,0.3107777778
,12:00,1.858,32.0,24.1,63%,15.0,100.9,0.611,0.30925
,13:00,2.766,31.0,23.9,66%,19.0,100.8,0.611,0.3058
,14:00,2.849,32.0,25.1,67%,22.0,100.7,0.611,0.308
,15:00,0.27,31.0,23.1,62%,7.0,100.7,0.611,0.3088181818
,16:00,0.596,27.0,25.0,89%,4.0,100.7,0.611,0.304125
,17:00,0.547,30.0,25.1,75%,11.0,100.6,0.611,0.3061111111
,18:00,0.228,29.0,24.1,74%,6.0,100.7,0.611,0.3091111111
,19:00,0.004,30.0,23.9,70%,11.0,100.7,0.611,0.3065
,20:00,0,29.0,24.1,74%,7.0,100.7,0.611,0.308
,21:00,0,29.0,24.1,74%,11.0,100.8,0.611,0.305
,22:00,0,28.0,24.0,79%,9.0,100.9,0.611,0.30275
,23:00,0,28.0,24.0,79%,11.0,100.9,0.611,0.3048888889
16/7/2022,0:00,0,27.0,24.1,84%,9.0,100.9,0.611,0.306
,1:00,0,28.0,24.0,79%,11.0,100.9,0.611,0.306
,2:00,0,28.0,24.0,79%,11.0,100.9,0.611,0.3046666667
,3:00,0,28.0,24.0,79%,7.0,100.9,0.611,0.3051111111
,4:00,0,28.0,24.0,79%,9.0,100.8,0.611,0.307125
,5:00,0,28.0,24.0,79%,9.4,100.8,0.611,0.3078888889
,6:00,0.001,28.0,25.0,84%,9.0,100.8,0.611,0.305
,7:00,0.164,28.0,25.0,84%,11.0,100.9,0.611,0.305625
,8:00,0.785,28.0,24.0,79%,11.2,100.9,0.611,0.305875
,9:00,1.424,30.0,23.9,70%,17.0,100.9,0.611,0.3055
,10:00,2.175,30.0,23.9,70%,22.0,101.0,0.611,0.3013
,11:00,2.83,31.0,23.1,62%,17.0,101.0,0.611,0.3047777778
,12:00,3.219,31.0,23.1,62%,17.0,101.0,0.611,0.3016
,13:00,3.274,32.0,22.1,55%,13.0,100.9,0.611,0.3058333333
,14:00,3.131,31.0,22.1,59%,19.0,100.9,0.611,0.29775
,15:00,2.532,32.0,22.1,55%,20.0,100.8,0.611,0.2995555556
,16:00,1.855,32.0,23.0,59%,22.0,100.7,0.611,0.2998333333
,17:00,1.051,32.0,20.9,52%,17.0,100.7,0.611,0.299
,18:00,0.449,31.0,20.0,52%,15.0,100.7,0.611,0.298
,19:00,0.007,30.0,21.1,59%,13.0,100.7,0.611,0.3011111111
,20:00,0,30.0,23.0,66%,13.0,100.8,0.611,0.2988888889
,21:00,0,29.0,25.0,79%,13.0,100.9,0.611,0.2981428571
,22:00,0,29.0,25.0,79%,11.0,100.9,0.611,0.299625
,23:00,0,29.0,25.0,79%,11.0,101.0,0.611,0.299
17/7/2022,0:00,0,29.0,25.0,79%,9.0,101.0,0.611,0.2996666667
,1:00,0,29.0,25.0,79%,7.0,101.0,0.611,0.2974444444
,2:00,0,29.0,25.0,79%,11.0,101.0,0.611,0.297
,3:00,0,29.0,25.0,79%,7.0,101.0,0.611,0.3004444444
,4:00,0,28.0,25.0,84%,7.0,101.0,0.611,0.30125
,5:00,0,28.0,25.0,84%,6.0,100.9,0.611,0.2991666667
,6:00,0,28.0,25.0,84%,9.0,101.0,0.611,0.298625
,7:00,0.152,28.0,25.0,84%,7.0,101.0,0.611,0.2994545455
,8:00,0.517,29.0,25.0,79%,7.6,101.0,0.611,0.3003
,9:00,1.188,29.0,25.0,79%,11.0,101.0,0.611,0.297
,10:00,2.041,30.0,25.1,75%,11.0,101.1,0.611,0.2995714286
,11:00,2.264,31.0,25.1,70%,9.0,101.0,0.611,0.29625
,12:00,2.86,32.0,24.1,63%,11.0,100.9,0.611,0.2965454545
,13:00,2.763,32.0,24.1,63%,13.0,100.9,0.611,0.2963333333
,14:00,2.77,33.0,23.9,59%,11.0,100.8,0.611,0.2955454545
,15:00,1.799,33.0,23.9,59%,13.0,100.8,0.611,0.2962857143
,16:00,1.96,33.0,23.9,59%,17.0,100.7,0.611,0.2935
,17:00,0.857,32.0,23.0,59%,15.0,100.7,0.611,0.2927142857
,18:00,0.385,31.0,23.9,66%,15.0,100.7,0.611,0.2955
,19:00,0.005,31.0,23.1,62%,9.0,100.7,0.611,0.2948571429
,20:00,0,30.0,23.9,70%,11.0,100.8,0.611,0.2935
,21:00,0,29.0,24.1,74%,9.0,100.9,0.611,0.295
,22:00,0,29.0,25.0,79%,9.0,100.9,0.611,0.295875
,23:00,0,29.0,25.0,79%,9.0,101.0,0.611,0.2945
18/7/2022,0:00,0,29.0,23.1,79%,7.0,101.0,0.611,0.2925555556
,1:00,0,29.0,25.0,79%,4.0,101.0,0.611,0.2918
,2:00,0,28.0,25.0,84%,6.0,100.9,0.611,0.2928888889
,3:00,0,28.0,25.0,84%,6.0,100.8,0.611,0.293
,4:00,0,28.0,25.0,84%,6.0,100.8,0.611,0.2942857143
,5:00,0,28.0,25.0,84%,9.0,100.8,0.611,0.2914545455
,6:00,0,28.0,25.0,84%,7.0,100.8,0.611,0.2931
,7:00,0.093,28.0,25.0,84%,6.0,100.8,0.611,0.29225
,8:00,0.365,28.0,25.0,84%,7.6,100.9,0.611,0.2944285714
,9:00,1.016,29.0,25.0,79%,9.0,100.9,0.611,0.2903333333
,10:00,1.411,31.0,23.9,66%,11.0,100.9,0.611,0.29325
,11:00,1.702,32.0,24.1,63%,11.0,100.9,0.611,0.2923
,12:00,2.942,32.0,24.1,63%,11.0,100.9,0.611,0.291625
,13:00,2.486,33.0,23.9,59%,17.0,100.8,0.611,0.29125
,14:00,2.288,33.0,23.1,56%,19.0,100.7,0.611,0.2914444444
,15:00,2.255,33.0,23.1,56%,17.0,100.6,0.611,0.2885
,16:00,1.609,32.0,23.0,59%,15.0,100.6,0.611,0.288
,17:00,0.626,32.0,23.0,59%,15.0,100.6,0.611,0.2885
,18:00,0.398,32.0,22.1,55%,15.0,100.6,0.611,0.2895714286
,19:00,0.012,31.0,22.1,59%,15.0,100.6,0.611,0.2877777778
,20:00,0,30.0,25.0,66%,15.0,100.7,0.611,0.2868571429
,21:00,0,29.0,25.0,79%,11.0,100.8,0.611,0.2874
,22:00,0,29.0,25.0,79%,13.0,100.8,0.611,0.287
,23:00,0,29.0,25.0,79%,9.0,100.9,0.611,0.2865
19/7/2022,0:00,0,29.0,25.0,79%,9.0,100.9,0.611,0.2856666667
,1:00,0,28.0,25.0,84%,9.0,100.8,0.611,0.2852222222
,2:00,0,28.0,25.0,84%,9.0,100.8,0.611,0.287
,3:00,0,29.0,25.0,79%,9.0,100.7,0.611,0.286
,4:00,0,28.0,25.0,84%,7.0,100.7,0.611,0.2863333333
,5:00,0,28.0,25.0,84%,6.0,100.7,0.611,0.2861
,6:00,0,28.0,25.0,84%,4.0,100.8,0.611,0.2870909091
,7:00,0.149,28.0,25.0,84%,7.0,100.8,0.611,0.2872222222
,8:00,0.741,29.0,25.0,79%,9.4,100.8,0.611,0.2874285714
,9:00,1.706,29.0,25.0,79%,15.0,100.8,0.611,0.2874285714
,10:00,1.658,30.0,25.1,75%,9.0,100.8,0.611,0.2874285714
,11:00,1.628,30.0,23.9,70%,15.0,100.9,0.611,0.2872857143
,12:00,1.522,32.0,23.0,59%,15.0,100.9,0.611,0.2874
,13:00,2.639,32.0,23.0,59%,13.0,100.8,0.611,0.2853333333
,14:00,2.537,32.0,23.0,59%,19.0,100.7,0.611,0.2846666667
,15:00,1.961,33.0,23.1,56%,17.0,100.6,0.611,0.2817142857
,16:00,1,33.0,22.2,52%,19.0,100.5,0.611,0.2844
,17:00,1.08,33.0,23.1,56%,15.0,100.5,0.611,0.2821428571
,18:00,0.262,32.0,22.1,55%,19.0,100.5,0.611,0.281375
,19:00,0.005,31.0,25.1,70%,15.0,100.5,0.611,0.2831111111
,20:00,0,30.0,25.1,75%,13.0,100.6,0.611,0.28
,21:00,0,30.0,23.9,70%,15.0,100.7,0.611,0.2788571429
,22:00,0,29.0,25.0,79%,13.0,100.7,0.611,0.2815555556
,23:00,0,29.0,25.0,79%,11.0,100.8,0.611,0.4052
20/7/2022,0:00,0,29.0,25.0,79%,13.0,100.9,0.611,0.4564444444
,1:00,0,29.0,24.1,74%,13.0,100.9,0.611,0.4470833333
,2:00,0,29.0,25.0,79%,9.0,100.8,0.611,0.4154545455
,3:00,0.001,27.0,22.0,74%,20.0,100.8,0.611,0.3923636364
,4:00,0.005,25.0,23.1,89%,2.0,100.7,0.611,0.3816666667
,5:00,0.009,26.0,24.0,89%,9.0,100.7,0.611,0.374
,6:00,0.002,26.0,24.0,89%,2.0,100.7,0.611,0.370375
,7:00,0.017,27.0,24.1,84%,4.0,100.8,0.611,0.3621428571
,8:00,0.028,23.0,22.0,94%,14.8,101.0,0.611,0.3595714286
,9:00,0.191,23.0,22.0,94%,9.0,101.1,0.611,0.3612727273
,10:00,0.706,24.0,23.0,94%,4.0,101.1,0.611,0.3522
,11:00,1.076,26.0,23.1,84%,9.0,101.0,0.611,0.3555
,12:00,1.36,27.0,22.0,74%,9.0,101.0,0.611,0.3507272727
,13:00,1.937,29.0,22.0,66%,11.0,100.9,0.611,0.3585
,14:00,1.925,30.0,21.1,59%,24.0,100.8,0.611,0.35025
,15:00,1.696,30.0,21.9,62%,19.0,100.8,0.611,0.3455454545
,16:00,1.388,30.0,21.9,62%,19.0,100.7,0.611,0.346125
,17:00,0.857,29.0,22.0,66%,15.0,100.7,0.611,0.3455
,18:00,0.452,29.0,22.0,66%,15.0,100.7,0.611,0.3498
,19:00,0.01,29.0,22.0,66%,9.0,100.8,0.611,0.3528888889
,20:00,0,28.0,22.0,70%,6.0,100.8,0.611,0.3528888889
,21:00,0,28.0,22.0,70%,4.0,100.9,0.611,0.348875
,22:00,0,28.0,22.9,74%,0.0,100.9,0.611,0.3493636364
,23:00,0,26.0,23.1,84%,0.0,100.9,0.611,0.3563333333
21/7/2022,0:00,0,26.0,23.1,84%,0.0,101.0,0.611,0.355
,1:00,0,27.0,23.0,79%,4.0,100.9,0.611,0.3581428571
,2:00,0,26.0,24.0,89%,2.0,100.9,0.611,0.3467
,3:00,0,26.0,24.0,89%,2.0,100.8,0.611,0.3474444444
,4:00,0.002,27.0,24.1,84%,0.0,100.8,0.611,0.3499
,5:00,0,27.0,24.1,84%,6.0,100.8,0.611,0.35
,6:00,0,27.0,24.1,84%,6.0,100.8,0.611,0.3426363636
,7:00,0.104,26.0,24.0,89%,0.0,100.9,0.611,0.35125
,8:00,0.49,27.0,25.0,89%,3.6,100.9,0.611,0.338
,9:00,0.55,29.0,24.1,74%,2.0,101.0,0.611,0.3403
,10:00,1.096,31.0,23.9,66%,9.0,101.0,0.611,0.337
,11:00,2.184,31.0,23.9,66%,7.0,101.0,0.611,0.339
,12:00,2.652,32.0,23.0,59%,13.0,100.9,0.611,0.336625
,13:00,2.507,32.0,20.9,52%,9.0,100.9,0.611,0.3383636364
,14:00,2.807,31.0,23.1,62%,17.0,100.8,0.611,0.3357
,15:00,2.263,32.0,22.1,55%,17.0,100.7,0.611,0.3335
,16:00,1.352,31.0,23.1,62%,11.0,100.7,0.611,0.3358888889
,17:00,0.232,31.0,23.1,62%,9.0,100.7,0.611,0.3313333333
,18:00,0.129,28.0,26.0,89%,9.0,100.8,0.611,0.3403333333
,19:00,0.005,28.0,24.0,79%,13.0,100.8,0.611,0.3281111111
,20:00,0,27.0,24.1,84%,4.0,100.8,0.611,0.3280909091
,21:00,0,27.0,24.1,84%,4.0,100.9,0.611,0.3298333333
,22:00,0,27.0,25.0,89%,0.0,101.0,0.611,0.3266666667
,23:00,0,27.0,25.0,89%,6.0,101.0,0.611,0.3299090909
22/7/2022,0:00,0,27.0,24.1,84%,4.0,101.0,0.611,0.329
,1:00,0,27.0,25.0,89%,2.0,101.0,0.611,0.3401
,2:00,0,26.0,24.0,89%,0.0,100.9,0.611,0.338
,3:00,0,26.0,24.0,89%,0.0,100.9,0.611,0.3455714286
,4:00,0,26.0,25.0,94%,6.0,100.9,0.611,0.3358
,5:00,0,27.0,25.0,89%,6.0,100.9,0.611,0.3276666667
,6:00,0,26.0,24.0,89%,2.0,100.9,0.611,0.3321111111
,7:00,0.155,26.0,25.0,94%,2.0,101.0,0.611,0.3395
,8:00,0.824,27.0,25.0,89%,3.6,101.0,0.611,0.3526363636
,9:00,1.408,29.0,25.0,79%,6.0,101.1,0.611,0.3731111111
,10:00,2.453,31.0,25.1,70%,6.0,101.1,0.611,0.367
,11:00,2.86,31.0,23.9,66%,15.0,101.1,0.611,0.3628571429
,12:00,3.004,30.0,23.0,66%,11.0,101.1,0.611,0.3668888889
,13:00,2.345,30.0,23.0,66%,4.0,101.0,0.611,0.3574545455
,14:00,0.458,31.0,23.1,62%,13.0,100.9,0.611,0.3683333333
,15:00,0.502,25.0,24.0,94%,13.0,101.0,0.611,0.361
,16:00,1.03,25.0,24.0,94%,4.0,100.9,0.611,0.3512857143
,17:00,1.176,28.0,24.0,79%,4.0,100.9,0.611,0.3479
,18:00,0.299,29.0,24.1,74%,6.0,100.9,0.611,0.344875
,19:00,0.006,28.0,25.0,84%,2.0,100.9,0.611,0.3452
,20:00,0,27.0,25.0,89%,0.0,101.0,0.611,0.35
,21:00,0,27.0,25.0,89%,4.0,101.0,0.611,0.3488
,22:00,0,27.0,24.1,84%,2.0,101.0,0.611,0.364
,23:00,0,26.0,25.0,94%,2.0,101.0,0.611,0.3617
23/7/2022,0:00,0,26.0,25.0,94%,2.0,101.1,0.611,0.365125
,1:00,0,26.0,25.0,94%,2.0,101.1,0.611,0.3627
,2:00,0,27.0,25.0,89%,2.0,101.0,0.611,0.36875
,3:00,0,27.0,25.0,89%,0.0,100.9,0.611,0.359875
,4:00,0,27.0,24.1,84%,2.0,100.9,0.611,0.3532222222
,5:00,0,26.0,24.0,89%,6.0,100.8,0.611,0.3577142857
,6:00,0.002,26.0,24.0,89%,4.0,100.8,0.611,0.3525
,7:00,0.216,25.0,24.0,94%,2.0,100.9,0.611,0.3472222222
,8:00,0.818,27.0,25.0,89%,0.0,100.9,0.611,0.3458888889
,9:00,1.429,29.0,25.0,79%,4.0,101.0,0.611,0.3434285714
,10:00,1.612,30.0,25.1,75%,6.0,101.0,0.611,0.34625
,11:00,2.357,31.0,23.9,66%,6.0,101.0,0.611,0.3448333333
,12:00,2.2,33.0,23.1,56%,7.0,101.0,0.611,0.3448333333
,13:00,3.412,33.0,23.1,56%,11.0,100.9,0.611,0.3535555556
,14:00,0.64,33.0,23.1,56%,9.0,100.9,0.611,0.3494
,15:00,0.492,29.0,23.0,70%,17.0,100.8,0.611,0.3421
,16:00,0.844,27.0,23.0,79%,7.0,100.7,0.611,0.3474
,17:00,0.492,29.0,22.0,66%,4.0,100.7,0.611,0.337
,18:00,0.102,29.0,23.0,70%,4.0,100.7,0.611,0.3412
,19:00,0.004,28.0,24.0,79%,4.0,100.7,0.611,0.3363333333
,20:00,0,28.0,24.0,79%,0.0,100.8,0.611,0.3355555556
,21:00,0,28.0,24.0,79%,2.0,100.8,0.611,0.3347142857
,22:00,0,28.0,25.0,84%,7.0,100.9,0.611,0.3470909091
,23:00,0,27.0,25.0,89%,4.0,100.9,0.611,0.3525555556
24/7/2022,0:00,0,27.0,25.0,89%,0.0,100.9,0.611,0.3621428571
,1:00,0,27.0,25.0,89%,0.0,100.9,0.611,0.3538888889
,2:00,0,26.0,25.0,94%,2.0,100.8,0.611,0.3495
,3:00,0,26.0,24.0,89%,0.0,100.8,0.611,0.3572727273
,4:00,0,26.0,25.0,94%,2.0,100.8,0.611,0.345125
,5:00,0,26.0,24.0,89%,0.0,100.7,0.611,0.348
,6:00,0.001,26.0,24.0,89%,0.0,100.7,0.611,0.3599
,7:00,0.095,26.0,24.0,89%,0.0,100.7,0.611,0.3743
,8:00,0.425,27.0,24.1,84%,0.0,100.8,0.611,0.3745
,9:00,0.733,28.0,25.0,84%,4.0,100.9,0.611,0.3663636364
,10:05,1.945,27.0,25.0,84%,22.0,100.9,0.611,0.3644444444
,11:00,2.084,28.0,25.0,84%,9.0,100.9,0.611,0.3635555556
,12:00,1.427,32.0,24.1,63%,9.0,100.9,0.611,0.3547777778
,13:00,1.939,31.0,22.1,59%,7.0,100.8,0.611,0.3597142857
,14:00,1.891,28.0,25.0,84%,9.0,100.8,0.611,0.34675
,15:00,1.745,30.0,23.9,70%,11.0,100.6,0.611,0.35225
,16:00,1.167,28.0,24.0,79%,6.0,100.6,0.611,0.3471428571
,17:00,0.068,27.0,22.0,74%,13.0,100.6,0.611,0.351
,18:00,0.122,24.0,23.0,94%,4.0,100.6,0.611,0.3465454545
,19:00,0.007,25.0,25.0,89%,0.0,100.7,0.611,0.348125
,20:00,0.003,25.0,23.1,89%,4.0,100.7,0.611,0.3497272727
,21:00,0.003,25.0,24.0,94%,4.0,100.8,0.611,0.3518571429
,22:00,0,25.0,24.0,94%,0.0,100.9,0.611,0.3612727273
,23:00,0.002,25.0,24.0,94%,2.0,100.9,0.611,0.3725
25/7/2022,0:00,0.001,25.0,24.0,94%,0.0,100.9,0.611,0.3662
,1:00,0,25.0,24.0,94%,0.0,100.9,0.611,0.363
,2:00,0,25.0,24.0,94%,2.0,100.9,0.611,0.361
,3:00,0,25.0,24.0,94%,4.0,100.8,0.611,0.3544285714
,4:00,0,25.0,24.0,94%,2.0,100.7,0.611,0.3564
,5:00,0,25.0,24.0,94%,2.0,100.7,0.611,0.3506666667
,6:00,0.001,25.0,24.0,94%,0.0,100.7,0.611,0.3564444444
,7:00,0.193,25.0,24.0,94%,0.0,100.7,0.611,0.3457142857
,8:00,0.878,26.0,24.0,89%,1.8,100.8,0.611,0.35
,9:00,1.38,28.0,24.0,79%,7.0,100.9,0.611,0.3513636364
,10:00,1.271,30.0,23.9,70%,7.0,100.9,0.611,0.3465
,11:00,1.057,29.0,25.0,79%,15.0,100.9,0.611,0.3465
,12:00,2.186,31.0,23.1,62%,6.0,100.9,0.611,0.3432727273
,13:00,0.536,25.0,24.0,94%,11.0,100.9,0.611,0.339
,14:00,0.624,26.0,24.0,89%,2.0,100.8,0.611,0.3487142857
,15:00,1.369,27.0,25.0,89%,7.0,100.8,0.611,0.35025
,16:00,1.467,27.0,24.1,84%,4.0,100.6,0.611,0.3454444444
,17:00,0.847,28.0,25.0,84%,7.0,100.6,0.611,0.3411666667
,18:00,0.279,28.0,24.0,79%,4.0,100.6,0.611,0.3455
,19:00,0.009,28.0,24.0,79%,2.0,100.7,0.611,0.3537142857
,20:00,0,27.0,24.1,84%,2.0,100.8,0.611,0.332625
,21:00,0,26.0,24.0,89%,2.0,100.8,0.611,0.3613636364
,22:00,0,26.0,24.0,89%,0.0,100.9,0.611,0.4099090909
,23:00,0,26.0,24.0,89%,2.0,101.0,0.611,0.4111111111
26/7/2022,0:00,0.001,26.0,24.0,89%,0.0,101.0,0.611,0.4111818182
,1:00,0,25.0,24.0,94%,11.0,101.0,0.611,0.3902222222
,2:00,0,25.0,22.1,83%,6.0,100.9,0.611,0.3908888889
,3:00,0.005,25.0,23.1,89%,7.0,100.9,0.611,0.381
,4:00,0.002,25.0,23.1,89%,6.0,100.8,0.611,0.383
,5:00,0,25.0,24.0,94%,17.0,100.8,0.611,0.3681428571
,6:00,0.001,25.0,24.0,94%,9.0,100.8,0.611,0.3720909091
,7:00,0.012,25.0,24.0,94%,9.0,100.8,0.611,0.3683333333
,8:00,0.12,25.0,24.0,94%,5.4,100.8,0.611,0.3665555556
,9:00,0.718,25.0,24.0,94%,0.0,100.9,0.611,0.3572222222
,10:00,1.011,26.0,24.0,89%,9.0,100.9,0.611,0.369
,11:00,1.208,27.0,23.0,79%,9.0,101.0,0.611,0.3555
,12:00,1.385,28.0,22.0,70%,11.0,101.0,0.611,0.35375
,13:00,1.526,29.0,22.0,66%,11.0,100.9,0.611,0.348
,14:00,1.429,29.0,22.0,66%,11.0,100.8,0.611,0.3482222222
,15:00,0.967,30.0,21.9,62%,9.0,100.7,0.611,0.3438
,16:00,0.6,30.0,23.0,66%,9.0,100.7,0.611,0.3541111111
,17:00,0.259,29.0,23.0,70%,6.0,100.6,0.611,0.3485
,18:00,0.15,29.0,23.0,70%,9.0,100.7,0.611,0.3504545455
,19:00,0.005,28.0,22.9,74%,13.0,100.7,0.611,0.346
,20:00,0,28.0,22.0,70%,11.0,100.7,0.611,0.346
,21:00,0,27.0,23.0,79%,4.0,100.8,0.611,0.3402857143
,22:00,0,27.0,24.1,84%,4.0,100.8,0.611,0.3481
,23:00,0.001,27.0,24.1,84%,4.0,100.9,0.611,0.361
27/7/2022,0:00,0,27.0,24.1,84%,6.0,100.9,0.611,0.3583636364
,1:00,0,27.0,24.1,84%,4.0,100.9,0.611,0.3594285714
,2:00,0,27.0,23.0,79%,2.0,100.9,0.611,0.3543333333
,3:00,0,26.0,24.0,89%,4.0,100.8,0.611,0.3514
,4:00,0,26.0,24.0,89%,0.0,100.8,0.611,0.34875
,5:00,0,26.0,24.0,89%,2.0,100.7,0.611,0.3427777778
,6:00,0,26.0,24.0,89%,4.0,100.7,0.611,0.3407272727
,7:00,0.188,26.0,24.0,89%,7.0,100.8,0.611,0.34325
,8:00,0.906,28.0,24.0,79%,7.6,100.8,0.611,0.338
,9:00,1.659,29.0,23.0,70%,13.0,100.8,0.611,0.3357142857
,10:00,2.42,30.0,21.9,62%,17.0,100.9,0.611,0.3348571429
,11:00,2.796,31.0,22.1,59%,15.0,100.9,0.611,0.3379
,12:00,2.15,31.0,23.1,62%,20.0,100.9,0.611,0.3408888889
,13:00,2.502,32.0,22.1,55%,20.0,100.8,0.611,0.3337777778
,14:00,2.751,32.0,23.0,59%,22.0,100.8,0.611,0.3331111111
,15:00,2.78,32.0,22.1,55%,22.0,100.7,0.611,0.3348333333
,16:00,2.037,32.0,22.1,55%,20.0,100.6,0.611,0.3347692308
,17:00,1.091,32.0,20.9,52%,22.0,100.6,0.611,0.332
,18:00,0.36,31.0,22.1,59%,19.0,100.6,0.611,0.3297777778
,19:00,0.005,29.0,23.0,70%,9.0,100.7,0.611,0.3315
,20:00,0,29.0,24.1,74%,13.0,100.7,0.611,0.3305833333
,21:00,0,29.0,24.1,74%,11.0,100.8,0.611,0.3331111111
,22:00,0,29.0,25.0,79%,11.0,100.9,0.611,0.335375
,23:00,0,29.0,25.0,79%,9.0,100.9,0.611,0.336375
28/7/2022,0:00,0,29.0,25.0,79%,6.0,100.8,0.611,0.3344285714
,1:00,0,29.0,24.1,74%,6.0,100.8,0.611,0.3344444444
,2:00,0,28.0,24.0,79%,7.0,100.8,0.611,0.3287777778
,3:00,0,28.0,25.0,84%,6.0,100.8,0.611,0.3343333333
,4:00,0,28.0,25.0,84%,6.0,100.8,0.611,0.331
,5:00,0,28.0,24.0,79%,6.0,100.7,0.611,0.3294545455
,6:00,0,28.0,24.0,79%,7.0,100.7,0.611,0.3301
,7:00,0.073,28.0,25.0,84%,7.0,100.7,0.611,0.3334
,8:00,0.367,29.0,25.0,79%,9.4,100.8,0.611,0.3285
,9:00,1.422,29.0,25.0,79%,9.0,100.9,0.611,0.3268
,10:00,1.825,30.0,25.1,75%,11.0,100.9,0.611,0.3283333333
,11:00,1.86,30.0,25.1,75%,13.0,100.9,0.611,0.319875
,12:00,2.464,30.0,23.9,70%,17.0,100.9,0.611,0.325375
,13:00,1.685,29.0,24.1,74%,19.0,100.8,0.611,0.322
,14:00,2.988,28.0,24.0,79%,13.0,100.7,0.611,0.3226666667
,15:00,2.695,32.0,24.1,63%,17.0,100.7,0.611,0.3266666667
,16:00,0.999,33.0,23.1,56%,13.0,100.6,0.611,0.3314444444
,17:00,0.507,32.0,20.9,52%,13.0,100.6,0.611,0.328875
,18:00,0.153,30.0,23.9,70%,7.0,100.6,0.611,0.3248888889
,19:00,0.004,29.0,24.1,74%,6.0,100.6,0.611,0.3204444444
,20:00,0,28.0,22.9,74%,6.0,100.7,0.611,0.3257142857
,21:00,0,28.0,24.0,79%,7.0,100.8,0.611,0.3248571429
,22:00,0,29.0,24.1,74%,7.0,100.9,0.611,0.3184285714
,23:00,0,29.0,24.1,74%,11.0,100.9,0.611,0.324
29/7/2022,0:00,0,29.0,24.0,74%,9.0,100.9,0.611,0.3251111111
,1:00,0,28.0,24.1,79%,4.0,100.9,0.611,0.3184444444
,2:00,0,27.0,24.0,84%,4.0,100.9,0.611,0.321
,3:00,0,28.0,25.0,84%,0.0,100.8,0.611,0.3217777778
,4:00,0,28.0,24.0,79%,6.0,100.8,0.611,0.3334444444
,5:00,0,28.0,24.0,79%,4.0,100.7,0.611,0.4390909091
,6:00,0,27.0,24.1,84%,4.0,100.7,0.611,0.4551818182
,7:00,0.212,27.0,24.1,84%,4.0,100.7,0.611,0.41825
,8:00,0.752,29.0,25.0,79%,1.8,100.8,0.611,0.3922222222
,9:00,1.3,30.0,23.9,70%,9.0,100.9,0.611,0.3837
,10:00,1.696,31.0,23.9,66%,13.0,101.0,0.611,0.3838
,11:00,2.948,31.0,23.9,66%,13.0,101.0,0.611,0.4384545455
,12:00,2.539,32.0,24.1,63%,15.0,100.9,0.611,0.4344285714
,13:00,0.679,28.0,22.9,74%,39.0,100.9,0.611,0.4059230769
,14:00,1.563,28.0,24.0,79%,7.0,100.8,0.611,0.3969090909
,15:00,1.788,29.0,25.0,79%,2.0,100.7,0.611,0.39
,16:00,1.3,32.0,24.1,63%,15.0,100.6,0.611,0.3844166667
,17:00,0.283,31.0,23.1,62%,15.0,100.6,0.611,0.3781
,18:22,0.008,25.0,23.1,89%,32.0,100.7,0.611,0.375
,19:00,0.011,25.0,23.1,89%,20.0,100.8,0.611,0.3745
,20:00,0.004,25.0,22.1,83%,17.0,100.8,0.611,0.376
,21:00,0,26.0,22.1,79%,9.0,100.9,0.611,0.3713
,22:00,0.001,25.0,24.0,94%,0.0,100.9,0.611,0.3849166667
,23:00,0.009,25.0,24.0,94%,0.0,100.9,0.611,0.3766666667
30/7/2022,0:00,0.008,26.0,23.1,84%,9.0,100.9,0.611,0.3778888889
,1:00,0.005,26.0,24.0,89%,6.0,100.9,0.611,0.378
,2:00,0.002,26.0,24.0,89%,0.0,100.9,0.611,0.3725555556
,3:00,0.002,25.0,24.0,94%,6.0,100.8,0.611,0.3614444444
,4:00,0,25.0,24.0,94%,2.0,100.8,0.611,0.3588888889
,5:00,0.001,25.0,24.0,94%,4.0,100.8,0.611,0.361
,6:00,0.002,26.0,23.1,84%,7.0,100.8,0.611,0.357875
,7:00,0.119,27.0,24.1,84%,11.0,100.8,0.611,0.355375
,8:00,0.986,27.0,23.0,79%,18.4,100.9,0.611,0.35325
,9:00,1.595,29.0,24.1,74%,19.0,100.9,0.611,0.3512
,10:00,2.346,30.0,23.0,66%,22.0,100.9,0.611,0.3489
,11:00,2.663,30.0,23.9,70%,19.0,101.0,0.611,0.34725
,12:00,3.259,31.0,22.1,59%,20.0,100.9,0.611,0.3425555556
,13:00,2.351,32.0,22.1,55%,22.0,100.9,0.611,0.3485555556
,14:00,2.746,32.0,22.1,55%,20.0,100.8,0.611,0.3487
,15:00,1.906,32.0,22.1,55%,20.0,100.8,0.611,0.3431428571
,16:00,1.551,32.0,22.1,55%,17.0,100.7,0.611,0.355125
,17:00,0.715,31.0,22.1,59%,17.0,100.6,0.611,0.3512857143
,18:00,0.209,30.0,23.0,66%,17.0,100.7,0.611,0.3421818182
,19:00,0.008,30.0,23.0,66%,19.0,100.7,0.611,0.3401111111
,20:00,0,29.0,22.0,66%,20.0,100.7,0.611,0.343625
,21:00,0,29.0,24.1,74%,17.0,100.8,0.611,0.347
,22:00,0,29.0,25.0,79%,13.0,100.9,0.611,0.350625
,23:00,0,28.0,24.0,79%,9.0,100.9,0.611,0.3415
31/7/2022,0:00,0,28.0,24.0,79%,7.0,100.9,0.611,0.338
,1:00,0,28.0,24.0,79%,7.0,100.8,0.611,0.338
,2:00,0,27.0,24.1,84%,6.0,100.8,0.611,0.3381666667
,3:00,0,28.0,24.0,79%,7.0,100.7,0.611,0.3385
,4:00,0,28.0,25.0,84%,7.0,100.7,0.611,0.339
,5:00,0,28.0,25.0,84%,7.0,100.7,0.611,0.338875
,6:00,0,28.0,25.0,84%,7.0,100.7,0.611,0.3346666667
,7:00,0.191,28.0,24.0,79%,9.0,100.7,0.611,0.3392727273
,8:00,0.655,29.0,24.1,75%,9.4,100.8,0.611,0.3308
,9:00,1.279,29.0,24.1,74%,13.0,100.8,0.611,0.335125
,10:00,1.583,30.0,23.9,70%,13.0,100.8,0.611,0.334125
,11:00,1.755,30.0,23.9,70%,15.0,100.9,0.611,0.3335
,12:00,2.406,31.0,23.9,66%,15.0,100.8,0.611,0.3385
,13:00,1.348,32.0,23.0,59%,17.0,100.7,0.611,0.338
,14:00,1.129,32.0,221.0,55%,19.0,100.6,0.611,NA
,15:00,1.675,30.0,23.0,66%,17.0,100.6,0.611,NA
,16:00,0.86,31.0,23.9,66%,9.0,100.5,0.611,NA
,17:00,0.18,30.0,23.9,70%,7.0,100.5,0.611,NA
,18:00,0.051,30.0,23.9,70%,9.0,100.6,0.611,NA
,19:00,0.004,28.0,22.9,74%,11.0,100.6,0.611,NA
,20:00,0,27.0,24.1,84%,7.0,100.6,0.611,NA
,21:00,0,27.0,24.1,84%,4.0,100.7,0.611,NA
,22:00,0,27.0,24.1,84%,2.0,100.7,0.611,NA
,23:00,0,27.0,24.1,84%,4.0,100.8,0.611,NA